x1,y1,z1
-74.45828247,-91.74127197,-85.08099365
-73.30062866,-86.80421448,-88.69004822
-71.60697937,-92.79446411,-87.51475525
-17.23959351,-40.20346069,-88.03747559
-19.01272583,-37.65557861,-86.5562439
-20.29095459,-42.61160278,-85.39614868
-20.36221313,-33.26547241,-87.34965515
-16.20639038,-34.2880249,-88.33769226
-17.43823242,-28.3984375,-88.6837616
-23.8848877,-51.62545776,-83.95251465
-27.12097168,-51.31375122,-82.22819519
-25.49227905,-55.64743042,-82.60864258
-24.19009399,-49.1668396,-83.18432617
-21.30096436,-47.94204712,-84.36720276
-25.34558105,-46.4508667,-83.59907532
-24.71411133,-38.44250488,-85.95133972
-19.66833496,-46.60150146,-84.02145386
-28.62756348,-57.9487915,-79.45817566
2.901763916,-39.45385742,-82.93362427
6.462493896,-43.19894409,-81.27415466
6.55758667,-36.01773071,-82.52656555
-77.25314331,-92.18347168,-79.91055298
-77.93737793,-86.82096863,-81.36180115
-76.59591675,-91.75924683,-82.93925476
-32.85693359,-54.50033569,-80.34550476
-37.53773499,-55.88031006,-79.15287781
-33.01002502,-58.0869751,-78.01596069
2.964538574,-46.23864746,-81.6778717
6.783233643,-48.6222229,-78.75
-31.37481689,-62.28051758,-76.02030945
-37.77589417,-59.52633667,-76.07652283
5.716217041,-53.57400513,-77.6776886
10.58200073,-51.68597412,-76.45915222
-35.02168274,-63.36654663,-73.60183716
-32.83552551,-65.44882202,-73.35037231
-34.43171692,-61.52801514,-74.53721619
-29.41928101,-66.96246338,-73.99134827
-37.59587097,-60.11810303,-74.69299316
-36.85803223,-60.62112427,-74.02557373
-36.48278809,-59.63247681,-74.29312134
-11.5007019,3.987335205,-74.32119751
-15.46304321,10.11080933,-74.16627502
-16.59860229,9.532470703,-76.55599976
-37.18278503,-66.71392822,-71.53497314
-40.52549744,-62.47088623,-72.34205627
-40.19966125,-59.51644897,-74.54748535
-7.671417236,1.691864014,-73.93431091
-8.451141357,0.417633057,-74.20143127
-8.078948975,5.00100708,-74.29519653
-42.65704346,-67.87643433,-69.02069092
13.3397522,-60.48876953,-73.20498657
11.31243896,-65.07785034,-73.09109497
17.61895752,-68.74685669,-71.72796631
19.22113037,-62.09359741,-73.61408997
-80.26751709,-86.44152832,-70.88424683
-78.8238678,-80.64547729,-69.53799438
-79.52354431,-83.20600891,-71.3112793
12.76104736,-69.86755371,-73.14134216
22.48516846,-74.21261597,-68.13760376
26.19390869,-72.01797485,-68.82815552
-37.00015259,-71.49172974,-68.16543579
-14.3855896,10.80667114,-71.51779175
-12.49990845,11.21578979,-65.7338562
-16.58377075,14.24514771,-67.50515747
-43.3561554,-72.93560791,-64.93222046
-78.82072449,-98.32798767,-65.81976318
-83.20506287,-93.85043335,-65.09634399
-81.47027588,-95.01425171,-67.49020386
-82.51792908,-87.83338928,-66.25473022
-83.40231323,-87.81672668,-65.48999023
26.46813965,-78.36483765,-64.08816528
-47.60002136,-68.11117554,-65.38821411
29.5085144,-82.15652466,-59.61935425
34.78097534,-77.64624023,-62.64526367
-47.92895508,-72.48400879,-61.55703735
-49.43444824,-68.11749268,-62.96710205
-48.61383057,-69.19586182,-61.14215088
-49.19482422,-70.65100098,-59.21109009
-49.63687134,-67.46020508,-60.82260132
25.45687866,-84.73631287,-60.10488892
-49.11172485,-68.99871826,-59.1940918
-50.32606506,-70.79040527,-58.17422485
-52.81687927,-67.87652588,-58.16073608
-52.90306091,-73.41398621,-56.74539185
30.89013672,-87.97911072,-54.60647583
33.01779175,-82.61453247,-56.54092407
-56.61221313,-69.92984009,-54.42932129
-58.12670898,-73.52703857,-51.34335327
-56.77842712,-77.00656128,-52.57791138
9.235046387,32.71426392,-40.81954956
6.347259521,31.28833008,-41.98641968
8.296447754,32.6585083,-42.55599976
7.866241455,34.82376099,-40.6350708
6.352203369,33.8102417,-42.5581665
7.681854248,36.42126465,-41.13238525
10.35217285,35.82208252,-39.28625488
9.798339844,38.18927002,-39.79095459
-65.19468689,-87.80337524,-41.21871948
-67.07843018,-81.79051208,-38.668396
-70.4659729,-84.18148804,-34.40283203
-72.50915527,-94.24940491,-38.64120483
-72.96682739,-94.46083069,-36.51055908
-73.71810913,-95.61183167,-37.1008606
-72.25068665,-90.68708801,-35.40795898
-73.37715149,-89.68510437,-31.99237061
-74.49671936,-85.35972595,-28.59802246
-75.19371033,-71.57867432,-32.11898804
-74.74195862,-66.40560913,-31.57846069
-78.24029541,-66.73977661,-28.02780151
-71.29983521,-69.14187622,-34.35925293
-79.93493652,-61.26919556,-27.39004517
-79.83071899,-82.93238831,-24.61236572
-79.17158508,-90.28366089,-24.4503479
-81.48921204,-63.55493164,-24.78881836
-83.37408447,-100.0756226,-25.57788086
-78.10549927,-94.42750549,-27.76519775
-83.65525818,-96.71980286,-24.42980957
-83.5716095,-88.2591095,-22.46646118
-82.08508301,-51.78356934,-19.53851318
-80.64303589,-47.26382446,-20.27960205
-77.92579651,-44.2925415,-16.49908447
-81.08792114,-45.2633667,-15.67169189
45.58969116,-34.1678772,-6.305847168
46.22946167,-28.95965576,-8.193756104
52.55844116,-34.40658569,-8.63861084
58.64498901,-20.04119873,-6.031158447
54.90078735,-23.50976563,-8.544158936
54.41867065,-17.9694519,-6.289123535
-47.14598083,-23.47695923,-5.673492432
-47.82669067,-17.40325928,-7.585357666
-42.75785828,-17.04351807,-4.674224854
-43.3422699,-13.11724854,-5.634674072
-40.2709198,-13.71295166,-3.852325439
-40.59558105,-13.2109375,-3.817993164
-44.23002625,-21.76547241,-3.269348145
-43.17695618,-15.72720337,-3.060638428
-46.87341309,-20.8175354,-1.779510498
-40.47665405,-14.74176025,-3.595214844
-55.77157593,-29.48977661,-3.272796631
-49.8263092,-28.26425171,-3.807250977
-49.68945313,-27.76367188,-1.723876953
-56.9800415,-6.443206787,-3.49597168
-62.26669312,-5.372589111,-3.06262207
-59.92259216,-9.398010254,-2.110046387
-47.53215027,-4.814056396,-114.9452057
-48.18284607,-13.20040894,-114.1660156
-45.76979065,-5.326171875,-112.4022217
-47.39533997,-20.13412476,-111.3104858
-45.24302673,-15.92315674,-109.4433136
-45.34266663,-0.123046875,-113.4967041
-40.96286011,-1.927368164,-108.8408356
-41.57849121,-8.705474854,-107.733963
-44.97108459,8.023010254,-113.7372589
-44.09143066,4.120880127,-112.3692169
-40.37690735,6.999450684,-109.2133179
-40.86172485,13.50592041,-109.6916351
-44.26783752,15.63769531,-113.8472137
-42.31274414,19.12142944,-110.836441
-44.31135559,-20.64492798,-107.3125763
-41.72062683,-15.57952881,-104.6680145
-40.49398804,2.720794678,-109.3615112
-35.42082214,10.41708374,-105.3539886
-47.56483459,-25.15777588,-109.2230072
35.82037354,-16.05517578,-109.1247253
35.29302979,-22.33135986,-107.278244
39.29800415,-18.68734741,-112.8535614
39.14074707,-11.70391846,-113.2441559
35.68414307,-9.966583252,-108.8048248
37.29449463,-4.68850708,-110.2947388
38.42047119,1.964355469,-111.1893463
33.80905151,0.710845947,-106.9620361
36.45733643,7.334197998,-108.9520721
-39.89546204,24.11828613,-107.9206085
-42.79702759,24.87081909,-110.7007904
35.83950806,-29.68313599,-106.2878723
39.38613892,-30.24551392,-112.9988098
39.53585815,-25.29022217,-112.366333
-42.769104,-25.28543091,-103.7888489
39.01571655,14.91830444,-109.566452
36.17706299,19.27020264,-105.8308563
33.24981689,12.55413818,-105.6595154
-37.44352722,20.12860107,-106.9106598
-41.60145569,34.16052246,-109.066864
-42.65686035,29.48092651,-110.3798065
-39.48760986,28.69476318,-107.1268616
32.99417114,-18.65951538,-105.6435242
32.41241455,-13.42269897,-104.931488
33.3359375,-7.33895874,-106.1242218
-38.27772522,-3.627716064,-103.6392365
-36.38916016,1.379730225,-104.836792
-35.01489258,5.741119385,-103.5510254
31.01855469,17.7746582,-103.2870636
39.96194458,22.0763855,-107.2320404
38.29602051,23.66061401,-105.7059326
-35.91413879,35.47879028,-103.7690277
-40.63053894,40.42422485,-107.2580109
38.60479736,-36.52084351,-108.5007477
35.60626221,-35.82525635,-104.5594635
32.46173096,-25.48638916,-101.894455
32.49157715,-3.547576904,-104.7771454
30.54156494,6.371246338,-103.6281738
-36.11412048,24.99136353,-105.1755829
36.49850464,-41.46331787,-102.3289185
-39.25137329,-11.57684326,-101.2632904
33.71975708,25.04229736,-103.2889709
-31.28927612,21.77053833,-102.3909454
39.68896484,27.14474487,-105.958374
41.70440674,24.96044922,-108.7441559
-31.66238403,27.87106323,-101.6724396
-39.77696228,42.58999634,-104.3722076
-41.57672119,45.77203369,-105.3267975
-46.75111389,-31.22515869,-105.1692352
31.30880737,-18.36193848,-101.9559021
-38.87432861,-20.01745605,-100.108429
29.55224609,-8.515228271,-100.2006683
-38.58789063,-6.854125977,-102.6847534
-33.81723022,3.008209229,-101.0546875
-33.83061218,16.22155762,-104.019165
-39.46270752,49.20977783,-102.8516235
-41.65731812,49.1411438,-105.0958252
-51.60446167,-38.11523438,-105.7736816
-47.90281677,-38.91616821,-100.2874451
38.85040283,32.51205444,-103.9571838
41.88464355,32.6100769,-106.7950592
41.96392822,35.73199463,-105.4841614
-34.38479614,42.65274048,-100.6624451
31.10122681,-30.06329346,-99.28370667
-39.17622375,-15.49118042,-101.0067749
27.44088745,1.579620361,-99.29693604
-30.16122437,12.18637085,-99.70544434
26.21905518,12.2293396,-99.44778442
27.09490967,6.21194458,-100.8938141
-28.881073,31.86203003,-99.14228821
38.92141724,37.74041748,-102.5626526
33.03189087,-35.90246582,-100.1807404
-40.55288696,-33.30688477,-97.60240173
-38.41186523,-28.06271362,-98.50267029
-34.17071533,-0.204772949,-98.57640076
-30.69332886,5.605560303,-96.65678406
32.78521729,32.20495605,-100.3707275
36.99200439,40.03097534,-99.70419312
41.06674194,43.96142578,-101.6331787
-32.70768738,47.17285156,-98.79606628
-39.05630493,55.42990112,-100.4940948
-33.78871155,51.71200562,-97.99009705
-41.10479736,55.47412109,-103.414917
-40.86505127,59.86376953,-101.7927094
-39.55490112,60.84835815,-98.18411255
-38.74568176,-24.14007568,-99.73095703
29.72833252,-14.5453186,-97.15034485
29.77886963,-18.43466187,-98.03370667
-35.77348328,-7.375274658,-97.69456482
26.15786743,7.711425781,-99.09065247
-28.13006592,37.32910156,-97.9521637
-27.78042603,43.34765625,-96.37825012
39.27047729,-47.11257935,-101.9769135
34.1829834,-45.16662598,-96.63117981
35.581604,-48.62271118,-96.39431763
39.33624268,-50.70294189,-99.92050171
29.02639771,-23.84692383,-97.01237488
24.27423096,7.742401123,-95.12309265
22.35241699,18.10772705,-92.67134094
22.3421936,13.36895752,-91.04046631
26.86016846,20.0736084,-99.5741272
-27.98904419,18.31048584,-97.64579773
26.85449219,26.24282837,-98.48881531
27.22848511,31.10742188,-97.59513855
23.35641479,27.94302368,-96.12762451
42.5635376,50.35498047,-99.93287659
35.58258057,43.6506958,-97.62623596
-32.86335754,56.33496094,-95.73312378
31.48031616,-40.22079468,-96.59281921
30.07955933,-35.39782715,-96.85839844
-36.36550903,-22.48632813,-98.11967468
-35.3870697,-20.39828491,-96.30662537
-35.25997925,-14.46191406,-96.71131897
28.51376343,-9.429718018,-95.69953918
22.34509277,23.10491943,-95.03282166
-26.92907715,23.93060303,-96.78286743
-25.08911133,28.02008057,-95.82714844
-26.50875854,47.99884033,-95.13130188
39.17779541,49.81451416,-96.82923889
42.04815674,53.98675537,-96.98388672
37.12625122,-51.62121582,-95.45368958
40.27362061,-55.56768799,-98.74317932
26.3600769,-31.98245239,-93.84135437
29.03277588,-17.76812744,-95.25643921
26.68994141,-5.888366699,-91.89424133
-27.19577026,10.06362915,-93.26701355
30.19165039,36.73373413,-97.38442993
33.52133179,46.44528198,-95.26489258
-39.04742432,-37.81091309,-93.0940094
-34.72265625,-30.23950195,-93.49479675
-33.59480286,-10.65621948,-94.15219116
-33.7852478,-4.199615479,-93.84883118
-23.29214478,24.75762939,-89.79737854
-23.10736084,32.69958496,-93.94313049
22.98922729,32.90551758,-94.08709717
27.87594604,40.9362793,-94.79142761
-22.65185547,40.31542969,-93.77772522
36.58990479,51.67306519,-94.36265564
-27.52957153,53.18609619,-93.9315033
-34.53340149,60.91687012,-94.66307068
40.12902832,-58.26937866,-93.79956055
36.81253052,-55.33862305,-92.05975342
-52.66896057,-46.68341064,-97.68731689
-45.13684082,-41.88381958,-95.1946106
25.7194519,-19.77871704,-90.98794556
26.81655884,-12.39755249,-91.85163879
-26.01971436,15.21817017,-94.68403625
-21.96936035,37.09091187,-92.90583801
21.4057312,36.87017822,-92.04362488
-40.54162598,64.51449585,-98.65252686
-38.28474426,65.20108032,-95.35098267
-39.73776245,70.35806274,-96.40512085
-38.57495117,72.28436279,-92.46487427
27.01464844,-38.61102295,-92.87202454
23.46759033,-26.6640625,-91.52729797
-34.15637207,-8.103820801,-94.16001892
-31.81860352,1.767303467,-92.21159363
-24.25485229,19.8114624,-91.11132813
-22.22763062,28.70849609,-89.20852661
20.6633606,27.65673828,-92.61486816
29.27142334,49.70501709,-91.10055542
41.55630493,57.29989624,-93.77737427
44.97180176,59.87026978,-95.45071411
-30.28234863,58.90689087,-92.76191711
32.62265015,-50.54125977,-91.29901123
-46.2424469,-47.46514893,-90.35670471
28.71328735,-44.21405029,-91.46949768
21.41314697,-32.30810547,-90.56826782
23.35870361,3.678710938,-91.44338989
19.12677002,31.36932373,-89.33732605
-18.34127808,40.32550049,-89.4365387
47.39761353,65.85675049,-93.92823792
42.69741821,61.93914795,-91.93849182
-30.78356934,63.89053345,-91.21714783
-54.18994141,-51.92245483,-92.60951233
-31.47964478,-6.484039307,-91.55622864
-31.28497314,-1.758148193,-90.31950378
-28.57235718,6.623901367,-91.50666809
-19.18441772,35.27972412,-89.25265503
-21.09814453,44.84628296,-91.57537842
21.63009644,41.58135986,-90.59158325
36.63278198,56.31201172,-91.40234375
42.92025757,-62.36489868,-94.29234314
39.97122192,-61.77764893,-88.95214844
21.56414795,9.126831055,-89.55265808
21.21746826,47.96182251,-87.38153076
-20.71200562,50.90655518,-90.24143982
-25.33059692,56.35449219,-91.3319397
-48.13444519,-51.47119141,-87.72720337
-38.59562683,-43.66809082,-88.52069092
-40.38743591,-47.08465576,-86.50498962
21.87753296,-0.39263916,-85.37028503
-25.53762817,10.63674927,-88.04415894
19.34628296,24.28305054,-87.81340027
-19.9352417,31.73562622,-87.84617615
17.50842285,37.94631958,-87.44735718
-15.78546143,46.12188721,-86.60098267
33.11245728,57.10028076,-89.64622498
-14.74816895,52.88711548,-85.41993713
-21.11965942,58.14624023,-88.51809692
38.54547119,61.20785522,-89.50852966
42.23297119,65.32421875,-89.59217834
35.33554077,63.14501953,-87.21684265
-32.18029785,70.38171387,-89.21635437
-35.66149902,74.81628418,-88.58500671
-40.38899231,78.33843994,-90.18984985
44.77587891,-68.93222046,-88.17556763
-29.01907349,-1.326812744,-88.17842102
-27.57635498,4.325500488,-87.20545959
20.6416626,6.926879883,-83.26899719
27.40335083,55.39523315,-87.66342163
-60.77825928,-60.44454956,-86.90933228
-54.53883362,-57.58447266,-83.84690857
-57.57012939,-56.24234009,-89.88813782
33.79797363,-59.58108521,-84.27796936
-43.72966003,-51.79977417,-84.09507751
17.40093994,43.20883179,-85.69303894
-22.70892334,65.7611084,-86.04373169
43.91836548,70.50823975,-86.9745636
-28.77597046,73.1937561,-85.65393066
-49.75587463,-54.89874268,-84.06306458
27.95159912,-53.77978516,-84.71450806
20.33319092,12.36514282,-85.39646912
19.82284546,17.2210083,-83.12797546
-15.27114868,38.61737061,-83.10961914
-14.43804932,42.51428223,-84.79804993
16.47354126,46.91394043,-83.43278503
36.28924561,68.26870728,-84.686203
-35.0071106,78.61120605,-85.64724731
41.03579712,-66.52462769,-84.304245
-54.82658386,-59.12512207,-80.32695007
19.21096802,3.343383789,-81.98312378
-22.58944702,22.44400024,-84.11930847
-21.12255859,25.85931396,-83.86566162
17.19943237,29.52215576,-81.63093567
15.7689209,35.90249634,-83.05680847
-17.50097656,33.93585205,-82.8572998
14.96856689,40.77386475,-82.63761902
-15.38739014,59.11428833,-84.17759705
42.54052734,74.47518921,-81.98213196
-13.65335083,41.19955444,-81.29154968
-12.80853271,44.82681274,-81.60656738
17.95477295,49.65234375,-83.509552
21.19082642,54.24563599,-84.37109375
27.36407471,62.0112915,-84.37162781
-27.65478516,79.31616211,-79.78717041
37.72497559,-67.50280762,-78.63742065
-66.25901794,-64.6418457,-82.80822754
-59.5151825,-61.53448486,-80.0091095
-22.67059326,15.65679932,-83.24133301
18.25698853,23.4046936,-79.75056458
-19.17642212,29.26342773,-80.54373169
-11.97494507,49.59710693,-80.0799408
19.84954834,57.92926025,-81.24783325
-15.47094727,64.30288696,-82.48852539
-19.12838745,70.53747559,-80.5292511
-34.93309021,83.10940552,-81.10446167
-40.30326843,83.04986572,-86.18315125
32.67608643,-63.9541626,-78.25878906
19.43383789,12.85101318,-80.3704071
13.80844116,45.07180786,-79.41859436
-11.96057129,55.24459839,-81.67268372
16.25952148,53.04898071,-79.93936157
23.53399658,64.57144165,-79.92172241
30.51837158,68.11715698,-82.1159668
-42.65762329,88.50143433,-82.12306213
29.9866333,-61.09432983,-79.93000793
14.80239868,34.35736084,-75.59999084
-14.86462402,36.39093018,-77.66841125
-13.3782959,39.64157104,-77.73883057
43.93579102,-71.33486938,-81.97447205
15.13858032,49.05249023,-79.25500488
-11.68954468,59.71435547,-79.79023743
30.26831055,71.54244995,-78.43244934
36.10662842,72.08383179,-81.37458801
-48.59992981,-57.70285034,-77.71047974
-16.52420044,32.92657471,-75.71356201
13.59017944,40.40618896,-77.48506165
-11.77316284,64.12719727,-78.40522766
-61.9934845,-64.04241943,-74.98054504
18.48696899,15.40435791,-76.13973999
-20.60095215,22.05551147,-77.08686829
16.33514404,27.1842041,-72.48005676
37.92895508,76.96011353,-75.43914795
-31.2762146,84.78216553,-76.89097595
-37.02780151,87.56536865,-76.5896759
41.87579346,-73.44560242,-74.69335938
47.23117065,-76.38024902,-79.1710968
-52.02684021,-60.77108765,-75.25883484
17.55722046,19.60202026,-72.94651794
15.15997314,32.15426636,-68.99151611
-11.38830566,44.7567749,-76.27705383
-9.747406006,54.83349609,-77.07685852
-12.81488037,68.40319824,-75.27687073
22.24145508,67.24859619,-75.83418274
-20.53457642,77.58123779,-76.14654541
45.35928345,78.83377075,-77.79779053
-24.84692383,80.81445313,-77.59243774
-26.81243896,83.23181152,-77.72731018
-41.82159424,91.1612854,-75.47360229
33.54562378,-65.5534668,-75.60585022
-69.29878235,-67.75665283,-75.63676453
-56.48657227,-62.59255981,-74.03363037
18.21960449,11.2640686,-76.28939819
-19.36102295,26.92474365,-74.75367737
-9.219146729,60.1104126,-74.01852417
16.83270264,58.98886108,-75.66046143
-16.01895142,72.45742798,-76.44717407
32.0163269,75.37930298,-75.0271759
28.95870972,-63.26461792,-75.07562256
-18.0411377,29.17993164,-72.40971375
-9.672546387,49.78353882,-73.04658508
12.28778076,48.09622192,-73.14463806
12.94396973,51.8104248,-72.99557495
-8.87387085,55.01107788,-71.4078064
-9.85925293,64.18405151,-72.71511841
27.62075806,72.65435791,-75.60447693
34.00274658,78.39804077,-71.94116211
48.06546021,-79.65257263,-72.17961121
-64.42735291,-66.15228271,-68.33938599
17.09835815,63.97967529,-71.87960815
24.61999512,71.17913818,-74.43457031
-23.37463379,82.25769043,-77.02600098
-29.51544189,87.76303101,-74.92185974
35.50320435,-68.29525757,-74.44084167
32.4012146,-65.50006104,-74.36779785
-57.90409851,-64.28848267,-71.11315918
-15.98382568,31.7355957,-67.9682312
14.29672241,34.77560425,-67.44128418
-11.15548706,42.37591553,-70.05218506
12.209198,44.50579834,-71.31726074
13.97613525,59.38815308,-68.16976929
22.58575439,69.50537109,-73.12762451
-15.35968018,73.39065552,-72.19169617
28.046875,74.41290283,-72.68643188
-19.44750977,81.5355835,-74.34841919
-17.41705322,78.55487061,-71.60140991
-32.60876465,88.32757568,-73.3059845
36.96124268,-71.87014771,-71.8142395
-18.36773682,15.41949463,-72.35839844
-18.72561646,20.59036255,-69.46963501
-18.39212036,25.29556274,-70.60269165
-13.87503052,36.56549072,-70.01333618
12.83877563,39.71835327,-68.28167725
-10.19458008,45.45870972,-71.56738281
12.49035645,55.38500977,-66.67541504
-9.72354126,68.49804688,-68.12017822
40.03295898,-75.77819824,-68.84823608
16.8616333,13.29559326,-71.81558228
11.94989014,49.36080933,-68.33538818
-8.237792969,57.82543945,-67.81716919
19.20422363,67.6307373,-67.39523315
-8.549163818,62.42288208,-66.74456787
24.25622559,72.61315918,-70.05526733
-68.53486633,-67.41616821,-70.48104858
-9.359863281,46.7543335,-64.84286499
15.3442688,62.65106201,-65.58740234
29.01379395,77.10748291,-68.9513855
36.02075195,81.75265503,-67.31170654
43.9440918,83.15863037,-69.98141479
-70.69976807,-68.80834961,-67.21887207
15.77340698,22.23120117,-66.71844482
15.49691772,29.94256592,-63.05822754
13.50564575,36.70758057,-58.7833252
11.20413208,47.10125732,-64.59106445
22.11120605,73.44519043,-66.42156982
-37.12763977,89.66165161,-71.52749634
-32.62963867,90.63409424,-69.02859497
46.21353149,-80.23330688,-64.65628052
-57.28245544,-65.04281616,-65.38684082
-49.98178101,-63.64788818,-69.92425537
11.62759399,43.22720337,-63.41287231
11.54718018,51.12973022,-64.06060791
-8.077941895,53.23709106,-66.11035156
-13.85946655,75.13052368,-69.01889038
-13.86001587,77.66293335,-70.70874023
-36.99734497,91.60296631,-66.77426147
-41.30773926,92.97183228,-70.5043335
41.12536621,-78.03430176,-64.32302856
31.76184082,-70.45578003,-70.24673462
16.14263916,26.41333008,-64.684021
15.88647461,28.68380737,-65.46658325
-16.89260864,26.71777344,-65.74972534
-14.7328186,32.63696289,-59.02770996
-32.34648132,91.58795166,-64.17102051
14.97686768,32.21255493,-62.20455933
17.28799438,68.64920044,-63.90826416
-9.083862305,72.43310547,-67.83221436
-60.96490479,-66.074646,-61.61495972
15.31222534,24.33999634,-59.98449707
-5.879516602,68.38153076,-65.46807861
27.17129517,79.66592407,-67.05285645
-76.39573669,-74.59007263,-66.93753052
-73.23831177,-71.65545654,-63.18551636
-67.38645935,-68.39749146,-61.09152222
11.71398926,53.58895874,-59.37808228
12.15325928,57.86480713,-60.46234131
-8.105651855,65.52767944,-63.3996582
18.51806641,75.24206543,-67.7883606
16.84396362,71.41641235,-63.37045288
49.73190308,-83.99940491,-56.52648926
52.20184326,-85.26268005,-65.27325439
12.62094116,39.28848267,-59.94662476
-12.20498657,40.60797119,-61.5763855
-7.670684814,58.00393677,-62.68447876
15.62945557,65.49951172,-62.56716919
32.89111328,84.37188721,-64.93563843
36.78781128,84.21929932,-61.20721436
40.88442993,85.04318237,-61.44326782
42.39828491,-80.05728149,-59.07058716
-56.47935486,-66.01498413,-60.97720337
15.68234253,27.80148315,-59.56591797
12.01971436,40.59146118,-61.10195923
11.31143188,44.76925659,-58.26785278
-6.750091553,51.03872681,-59.91488647
-7.092010498,54.20397949,-60.73278809
-6.204376221,62.0105896,-61.52633667
-6.18536377,65.63320923,-63.1781311
-51.62646484,-66.31851196,-63.67016602
12.36016846,39.79470825,-52.57403564
-36.03823853,92.7875061,-61.75842285
-76.31092834,-73.99189758,-61.11080933
-72.51228333,-71.25750732,-57.83535767
14.66986084,33.83999634,-57.40216064
-9.318450928,46.02587891,-58.72680664
13.09619141,62.95132446,-59.78179932
45.05447388,87.53091431,-63.11611938
-13.63006592,38.73104858,-54.94781494
11.16433716,49.17797852,-58.16088867
-5.775726318,56.75634766,-59.78936768
14.36248779,67.55407715,-61.25161743
39.27764893,85.26550293,-58.49514771
10.70910645,50.72528076,-56.39575195
-3.963653564,59.2194519,-60.15093994
10.09643555,63.48904419,-59.59002686
-33.45652771,91.33068848,-58.77584839
-36.95729065,93.24502563,-58.56939697
54.42282104,-87.53160095,-55.34396362
56.14971924,-91.40515137,-59.62081909
-63.04524231,-67.07296753,-55.16229248
14.87991333,29.99731445,-53.1685791
9.887908936,46.16381836,-55.4649353
9.336395264,59.56924438,-57.42861938
-32.5622406,92.48425293,-60.09249878
-33.92138672,92.67196655,-57.94906616
58.04870605,-92.6111145,-52.43270874
-76.23286438,-73.35975647,-56.31243896
-74.44407654,-71.50317383,-54.57321167
-67.64863586,-68.80410767,-54.80761719
-59.0994873,-66.28448486,-57.5062561
14.30517578,36.59674072,-52.17199707
-14.35012817,36.53921509,-52.53872681
11.55026245,41.93341064,-56.13961792
42.01397705,88.69433594,-58.68753052
-34.6738739,95.83651733,-57.85992432
46.07330322,-82.37181091,-53.50292969
15.00030518,33.76644897,-49.5690918
-11.09521484,43.68548584,-54.07363892
10.47817993,53.63677979,-55.60025024
7.796722412,54.52075195,-55.22003174
-7.54208374,46.78201294,-54.91220093
37.08773804,86.537323,-59.11038208
43.10061646,-81.66386414,-53.86621094
-71.65379333,-70.58700562,-51.13168335
-12.69720459,40.63363647,-51.1427002
7.022460938,49.30908203,-54.05523682
-9.679016113,44.34286499,-51.04058838
56.77606201,-89.02108765,-49.46209717
48.86251831,-83.6638031,-51.1529541
-11.87023926,36.34588623,-49.86654663
9.720367432,41.84057617,-51.58392334
6.824035645,43.31671143,-53.00561523
53.14614868,-85.35009766,-47.62884521
-66.81900024,-68.13949585,-50.08575439
9.933532715,40.18167114,-47.9291687
6.773834229,38.08486938,-53.62402344
-7.064544678,44.86044312,-52.35321045
47.55236816,-83.55433655,-47.99728394
-77.26976013,-73.11198425,-51.23858643
-74.7224884,-70.01452637,-44.59707642
-70.14016724,-69.22787476,-47.76397705
13.91592407,36.81613159,-45.67144775
-9.524017334,41.38461304,-50.78741455
-68.66557312,-68.09085083,-44.55038452
14.17977905,32.4732666,-46.70516968
-80.87324524,-71.79974365,-43.55657959
-82.29525757,-77.09536743,-47.13250732
12.90512085,39.48672485,-47.19625854
11.27774048,40.46682739,-45.44805908
58.84274292,-90.0874939,-45.37145996
53.18917847,-83.98977661,-41.45297241
49.91238403,-83.38899231,-44.29876709
-72.21296692,-67.78491211,-41.50830078
-68.88195801,-66.46987915,-39.72888184
8.002197266,34.48931885,-43.89071655
9.161407471,35.97125244,-42.76715088
11.07507324,38.01803589,-42.89831543
5.562988281,36.14306641,-44.00750732
8.403778076,39.13668823,-45.76193237
11.51257324,34.21902466,-42.75454712
9.680480957,38.39834595,-41.49139404
58.9286499,-86.954422,-39.40072632
-79.48893738,-69.39746094,-39.78939819
62.56750488,-93.02827454,-41.38366699
-76.73925781,-68.79333496,-38.78604126
-73.36463928,-67.30984497,-37.3359375
53.33908081,-84.60678101,-37.73114014
-82.44490051,-69.86978149,-39.03085327
-79.09991455,-68.52877808,-37.43093872
-79.9868927,-68.01873779,-37.07440186
-77.08361816,-67.60723877,-36.37738037
63.96685791,-91.57093811,-37.64517212
62.53561401,-86.4468689,-34.39819336
57.76675415,-84.79568481,-34.40209961
-82.9150238,-68.03588867,-36.93161011
-82.77153015,-65.89508057,-34.90490723
-79.81074524,-66.93222046,-34.91262817
-76.85319519,-65.87838745,-33.91812134
-81.16564941,-64.80307007,-32.77786255
-82.30821228,-64.86108398,-34.11050415
66.79650879,-85.38626099,-30.56958008
65.62356567,-90.40791321,-33.3347168
-82.84382629,-64.13830566,-34.42453003
-83.61219788,-64.40200806,-33.01293945
61.37530518,-83.7170105,-31.79696655
65.33444214,-81.08277893,-29.706604
-79.2454834,-63.27163696,-30.47421265
67.86157227,-89.46284485,-30.47219849
-84.50956726,-63.47021484,-30.43496704
-84.74806213,-59.12649536,-27.98217773
-24.09466553,-16.28744507,-88.75370789
-29.23342896,-19.39456177,-92.24195862
-23.87295532,-23.45019531,-89.20297241
19.70407104,-21.99761963,-87.56715393
23.87832642,-16.50747681,-87.99699402
16.30596924,-17.02890015,-84.33052063
9.27130127,-14.85177612,-82.56396484
8.968322754,-19.80197144,-82.74769592
16.52377319,-11.20184326,-83.03849792
20.68856812,-8.023468018,-82.99043274
15.67077637,-6.321228027,-81.52522278
19.26776123,-48.18743896,-82.43765259
13.26855469,-40.3694458,-82.68638611
12.4822998,-47.17288208,-79.38777161
20.46765137,-4.967010498,-82.97146606
16.80270386,-52.86386108,-77.43354797
19.19256592,-57.44885254,-75.81018066
22.99688721,-55.96087646,-79.65405273
14.19128418,-56.00317383,-74.81274414
25.1413269,-65.22821045,-72.72059631
31.18292236,-66.23748779,-73.2791748
9.635467529,-55.56951904,-74.65441895
-9.482574463,1.740875244,-73.98045349
-11.89108276,4.826202393,-73.8236084
-19.96975708,14.44522095,-76.60693359
34.02682495,-69.49301147,-72.29681396
16.57696533,-58.75564575,-74.05111694
19.64675903,-59.45367432,-74.80696106
23.38363647,-60.29293823,-76.02560425
-46.47624207,-60.42645264,-73.40190125
-10.72131348,5.532806396,-73.41957092
11.65722656,2.650390625,-76.13928223
12.97305298,6.068054199,-72.68530273
6.676086426,4.520141602,-73.24978638
8.644805908,7.219512939,-68.17251587
13.59963989,10.05224609,-69.28775024
11.20870972,10.32879639,-64.10940552
9.402709961,8.619018555,-64.53146362
8.407348633,7.127380371,-66.20974731
-13.66305542,14.60333252,-61.43005371
-15.99636841,16.39511108,-63.14950562
-49.13110352,-69.79428101,-58.18753052
-58.32055664,-67.31466675,-53.56854248
-59.27859497,-69.41299438,-49.67877197
-62.31466675,-66.90139771,-46.66778564
-59.4131012,-68.52352905,-44.41168213
-59.55870056,-70.5625,-44.27902222
-61.11048889,-67.53182983,-39.42315674
-59.24351501,-69.15771484,-40.50283813
-65.49705505,-66.70620728,-38.75799561
-60.74101257,-69.9178772,-35.10681152
-62.43077087,-68.24926758,-33.85836792
-62.91494751,-69.50927734,-32.75811768
-53.83154297,-42.9887085,-105.407074
-54.7219696,-43.86132813,-109.7438202
-55.95860291,-48.64743042,-105.2747345
44.16571045,-61.3302002,-99.43606567
44.24029541,-63.36367798,-105.0870819
42.06814575,-55.8465271,-107.1660156
-58.72103882,-52.11206055,-101.4036407
-57.26245117,-50.73202515,-96.52090454
46.47857666,-67.62637329,-95.51899719
-59.01257324,-54.22784424,-95.59613037
-62.76419067,-60.86630249,-95.60112
-65.99472046,-66.434021,-92.74975586
-68.60623169,-67.15600586,-88.33146667
-66.28105164,-63.74188232,-88.7746582
47.41296387,-70.87478638,-93.24201965
23.03433228,-10.93615723,-86.19900513
23.70742798,-5.965148926,-85.66267395
26.49581909,-46.64718628,-88.56791687
-25.26141357,2.757324219,-84.73881531
-70.40167236,-68.79394531,-84.83700562
48.40463257,-75.95724487,-84.89985657
49.10388184,-75.86566162,-91.48745728
50.87677002,-81.572052,-81.27645874
-21.53341675,11.50595093,-79.54064941
-24.55938721,10.4418335,-83.33052063
-70.74821472,-69.27514648,-80.64590454
-22.90365601,5.824249268,-82.04165649
-24.10443115,7.320068359,-81.96746826
-19.73901367,6.945159912,-80.24156189
-72.68998718,-70.17303467,-70.56265259
-17.59475708,16.59732056,-67.59191895
54.79547119,-91.80728149,-67.92947388
53.78149414,-92.68228149,-75.65281677
52.69467163,-85.86413574,-73.40396118
-17.62567139,23.32327271,-66.3531189
-16.64993286,21.01275635,-63.68167114
-14.19900513,19.22491455,-58.36621094
-15.33474731,24.63098145,-59.29263306
-13.86218262,25.66540527,-55.87255859
-13.93811035,31.21420288,-52.59539795
44.94424438,-84.67097473,-44.98327637
-69.58609009,-67.25424194,-35.24307251
-64.64457703,-68.15908813,-33.51925659
-11.51470947,-16.66378784,-91.98175049
-14.32315063,-12.03491211,-87.77154541
-13.43295288,-19.57617188,-89.31062317
-12.69958496,-25.0632019,-91.4425354
-15.77496338,-22.09939575,-88.80026245
-15.90075684,-18.68261719,-87.62734985
-10.31378174,-9.979003906,-90.20846558
-9.606506348,-11.71051025,-92.21934509
-13.08712769,-31.118927,-90.55056763
-11.8225708,-6.575439453,-86.67460632
-14.89321899,-7.214599609,-85.93586731
2.115722656,-36.1774292,-84.29414368
3.440032959,-30.87252808,-83.91833496
-0.479492188,-34.34014893,-87.39590454
-14.93664551,-1.973999023,-84.84461975
2.469055176,-25.46914673,-83.56567383
-0.335632324,-23.2326355,-85.70140076
-0.860778809,-28.27770996,-86.49674988
-0.363433838,-38.65927124,-85.21107483
1.700500488,-42.21173096,-83.79257202
-0.520874023,-18.96963501,-87.77531433
4.094360352,-18.99078369,-83.6282196
-12.27963257,2.356445313,-82.31277466
-16.36791992,3.536346436,-81.9899292
10.60223389,-24.22668457,-84.2477417
4.04385376,-22.14508057,-83.00686646
1.501953125,-14.87460327,-85.67034912
-13.60324097,3.556213379,-80.66639709
5.491119385,-11.44137573,-82.31254578
1.438964844,-10.80236816,-85.64147949
2.339233398,-46.27420044,-85.32894897
3.507110596,-50.15429688,-81.5609436
4.052093506,-7.489227295,-81.32548523
9.681060791,-9.494598389,-81.37730408
9.643280029,-4.613922119,-80.13648987
1.807678223,-4.89630127,-82.03735352
5.062835693,-2.042022705,-78.61743164
10.04098511,-0.716278076,-78.09690857
16.12667847,-0.69140625,-80.20018005
6.833221436,-56.84463501,-81.56251526
5.748077393,-57.89996338,-78.09533691
6.008972168,1.451263428,-76.09147644
-13.86218262,5.99041748,-78.87547302
-9.353851318,6.478271484,-79.92965698
-10.29571533,8.254669189,-76.09371948
-27.18548584,-61.19799805,-78.62988281
7.572845459,-62.44644165,-77.07571411
7.520477295,-60.46447754,-75.04568481
2.855529785,0.909423828,-78.71868896
-0.097747803,-1.598052979,-82.20768738
1.933319092,3.703765869,-77.49812317
9.588592529,-66.5213623,-74.84365845
3.517150879,3.890411377,-73.97227478
3.852600098,3.791351318,-74.54821777
-9.689941406,9.152404785,-71.24395752
-33.38371277,-69.02600098,-70.98181152
-10.16326904,9.142913818,-69.15979004
-7.076446533,8.213409424,-71.88259888
-8.333068848,7.605041504,-70.92016602
5.378845215,7.950408936,-69.40023804
7.796722412,6.659729004,-67.65979004
-35.7155304,-74.36048889,-69.68081665
-32.69677734,-71.65371704,-71.52075195
-11.30859375,10.70159912,-66.15963745
-39.88406372,-75.90664673,-66.61080933
19.15725708,-76.02116394,-68.58737183
19.03677368,-82.18869019,-68.23245239
22.13476563,-80.43788147,-64.58145142
-46.29994202,-78.42385864,-60.54043579
-49.6726532,-77.21388245,-58.62796021
10.40270996,10.35861206,-61.94393921
-52.87927246,-80.65083313,-53.61752319
-10.7572937,20.82287598,-54.79705811
-11.14031982,16.8692627,-55.02090454
-10.24130249,18.58792114,-53.48751831
37.69332886,-87.41500854,-49.26177979
41.56948853,-83.41267395,-50.42214966
35.59078979,-84.91062927,-52.54458618
-61.49925232,-77.1683197,-47.29055786
-61.57168579,-73.15032959,-44.86044312
-60.71246338,-71.34146118,-40.07446289
-64.54948425,-73.07823181,-39.43127441
41.31521606,-90.57736206,-43.10717773
-67.2040863,-75.92791748,-39.78720093
48.01953125,-85.34983826,-40.50210571
46.0010376,-92.44892883,-37.44592285
49.52130127,-87.91339111,-37.52697754
-68.0418396,-71.51959229,-36.19760132
-63.31661987,-71.10360718,-35.76596069
-65.11300659,-69.91204834,-33.82736206
-78.28375244,-45.56326294,-15.49255371
-77.0113678,-44.53738403,-14.95556641
-78.97052002,-45.86914063,-14.66714478
-76.76429749,-42.29696655,-14.1166687
-75.23986816,-38.53768921,-12.19293213
-74.84054565,-37.55523682,-14.08303833
-78.59153748,-40.82925415,-13.4125061
-78.58528137,-32.915802,-10.78277588
-71.57286072,-35.12069702,-9.507904053
-69.75830078,-34.88296509,-11.43508911
-66.48103333,-33.69839478,-8.390258789
-68.45928955,-30.66339111,-6.732299805
54.82672119,-40.72631836,-3.450866699
55.74777222,-36.31307983,-2.911956787
52.48071289,-40.36727905,-2.598968506
43.65722656,-95.65896606,-36.25396729
47.90240479,-93.33708191,-33.89804077
44.46704102,-100.3944855,-32.90313721
46.45840454,-95.36080933,-32.40826416
49.48742676,-94.23114014,-31.80743408
47.69387817,-96.32914734,-30.00939941
51.47802734,-90.12963867,-33.31011963
-73.42834473,-80.50814819,-31.54760742
50.62466431,-96.96238708,-27.1105957
52.07727051,-93.27175903,-29.88461304
46.42553711,-100.2437744,-28.38519287
48.30496216,-100.3671417,-24.75588989
55.32226563,-95.72479248,-23.896698
54.943573,-94.03001404,-27.2421875
59.70721436,-90.14642334,-24.71386719
56.88650513,-89.243927,-28.81890869
46.73272705,-102.2948151,-25.1005249
49.85690308,-102.1125183,-22.85577393
60.36364746,-93.20178223,-20.35372925
64.92611694,-86.7256012,-20.39035034
54.35940552,-98.49598694,-21.13946533
-82.36448669,-69.22689819,-25.1675415
-87.484375,-68.32388306,-18.87280273
-85.76264954,-72.99449158,-21.27316284
-85.9777832,-60.92370605,-20.25970459
60.78808594,-98.51512146,-18.88262939
-87.66085815,-54.23825073,-18.86410522
-85.98843384,-49.18756104,-17.63943481
65.07159424,-93.78901672,-17.01794434
66.11587524,-88.36517334,-17.73764038
-93.25790405,-62.47958374,-15.50808716
-91.42416382,-49.93673706,-16.93493652
-87.18278503,-44.02474976,-16.31262207
69.00946045,-88.83409119,-14.99682617
68.58322144,-85.07287598,-16.4982605
-91.51100159,-68.95172119,-15.42562866
-78.49365234,-44.58728027,-14.26495361
-83.90802002,-29.26724243,-11.77438354
-88.75436401,-34.62045288,-13.00579834
-88.7802887,-29.51089478,-12.06903076
-93.58068848,-31.37741089,-12.58267212
-93.02488708,-27.57009888,-12.59951782
-86.15333557,-25.55795288,-11.59667969
-78.50291443,-25.13244629,-10.03323364
-78.29476929,-20.38626099,-10.95144653
69.57232666,-54.78201294,-9.803222656
77.62078857,-56.46243286,-9.989532471
70.32077026,-52.52761841,-10.13433838
-72.29812622,-25.06036377,-7.766967773
60.43841553,-26.1439209,-5.134246826
59.80776978,-17.90591431,-3.112762451
60.00180054,-23.48452759,-2.614105225
56.87789917,-29.31924438,-2.207214355
51.76998901,-31.26480103,-1.293579102
-64.87408447,-19.22790527,-4.193664551
-61.16653442,-18.41525269,-2.574615479
-65.28205872,-13.92382813,-4.425140381
-65.11653137,-7.607971191,-4.753417969
55.14080811,-28.00384521,-1.177001953
57.30917358,-23.94876099,-1.358947754
53.52282715,-21.50701904,-0.760955811
-54.78308105,-23.74560547,-1.398162842
-54.01318359,-14.86257935,-1.318084717
47.29360962,-26.96417236,0.362731934
45.81698608,-35.71130371,-1.383728027
49.23083496,-25.27087402,-0.295806885
-60.98269653,-27.21261597,-3.127258301
57.80856323,-18.9888916,-1.350921631
52.51446533,-15.05270386,-1.513916016
48.10491943,-18.89059448,0.025299072
56.4083252,-16.33114624,-1.717346191
44.46359253,-28.7008667,0.672515869
41.90447998,-23.6289978,0.917327881
42.74639893,-31.14770508,-0.142486572
44.87002563,-21.71707153,2.264343262
43.08007813,-17.91439819,3.258239746
44.58444214,-14.86376953,2.128936768
40.78634644,-17.14309692,2.494567871
42.30361938,-14.81118774,2.618621826
-42.09568787,-14.22396851,-117.6277313
-39.14460754,-18.68960571,-114.0906677
-43.70903015,-21.05923462,-117.882431
-48.84567261,-0.738739014,-116.8814697
-49.81143188,-6.756744385,-116.5342102
-51.20869446,-31.68719482,-116.2754669
-51.67225647,-26.22085571,-117.1212769
-50.36332703,-28.47488403,-118.3132782
-37.37913513,-22.5007019,-111.8179626
-41.99563599,-26.80569458,-114.7737732
-39.18241882,-9.393341064,-115.4528198
-37.37895203,-14.6656189,-113.1396942
-47.02885437,4.109588623,-115.9815674
-45.44432068,8.884521484,-117.0275879
-35.24621582,-4.886566162,-112.4037476
-39.88313293,-3.785552979,-116.8401337
-37.82550049,1.372131348,-114.7583771
-42.34957886,25.65966797,-112.7792969
-38.13484192,22.30825806,-112.5855713
-42.21128845,19.53585815,-113.5694733
-33.19442749,-11.27584839,-109.8747711
35.7638855,17.9156189,-112.2988281
39.5887146,15.73419189,-112.8792725
37.75326538,10.93203735,-114.6743622
-47.24894714,-31.08911133,-116.4559479
-38.87814331,-32.38848877,-109.5481415
-45.53643799,-36.05426025,-113.3487244
-34.28486633,-25.74682617,-108.9595032
-33.25912476,-16.98297119,-109.180191
-28.58050537,-6.736572266,-106.8915558
-31.05184937,-0.752716064,-109.0600281
40.4347229,5.063568115,-113.565506
23.14971924,-27.31515503,-106.4393768
31.05200195,-26.36929321,-113.0633545
29.12817383,-33.76583862,-110.804184
24.44696045,-18.3949585,-107.9250336
39.74307251,22.26748657,-110.9516754
37.34289551,25.45336914,-110.8763428
40.7300415,29.26620483,-109.151123
-37.16101074,-39.10180664,-104.0608978
-42.00254822,-39.19177246,-108.2308807
-31.00253296,-21.58816528,-106.5263062
28.5227356,24.06436157,-106.549942
33.73504639,25.20462036,-109.3870697
30.72607422,17.10784912,-109.6908875
-51.20254517,-29.66506958,-112.9022675
-29.96844482,-29.61196899,-103.7069702
21.29724121,-8.371154785,-105.7355957
27.44644165,-4.975769043,-110.1356201
-29.05145264,10.30053711,-107.7369537
-34.42901611,8.041717529,-112.0486603
-31.97961426,13.3996582,-109.7858276
41.30654907,29.52142334,-107.2417908
41.17407227,35.85189819,-107.6904755
29.39242554,-41.8079834,-109.0460815
23.93365479,-37.68994141,-105.8114777
22.91796875,-33.0730896,-105.6885529
-25.45285034,-13.42709351,-103.4531403
21.81048584,0.017883301,-106.3549805
22.80648804,8.591491699,-106.4195709
25.09686279,2.760772705,-108.1825562
27.53399658,8.058197021,-109.4362183
26.34521484,16.16479492,-107.3236084
20.66485596,16.2649231,-103.9460754
24.87716675,20.61456299,-105.3703613
-31.8369751,-34.3359375,-103.3764496
-24.85354614,-1.548828125,-104.5726471
-32.09399414,19.37969971,-110.0314636
-26.58859253,15.04708862,-105.9154968
-27.1567688,24.4019165,-105.7137604
18.86096191,-35.06826782,-102.0769043
17.86877441,-21.8571167,-103.5745544
19.2890625,-15.48013306,-104.0919952
-26.33422852,6.521057129,-106.0065308
17.1036377,3.245300293,-103.4549561
26.39321899,-46.5184021,-104.3598938
30.57659912,-46.87530518,-108.4406281
29.03961182,-50.1585083,-104.9233856
19.08737183,-30.76351929,-103.499588
17.20898438,-27.24649048,-102.3593597
-26.0430603,-19.19494629,-103.3518829
18.12606812,-3.419006348,-104.022583
16.54440308,9.919464111,-102.9089508
-19.93566895,-5.565643311,-101.8026733
15.36798096,-9.305603027,-102.4206085
-19.97964478,11.61294556,-102.3550873
14.73861694,14.95495605,-101.6682587
-20.46856689,19.8991394,-102.0518646
21.80230713,23.35360718,-103.4051361
-24.95288086,32.13952637,-103.7791748
-18.57235718,27.29467773,-100.8540192
-39.92681885,50.87948608,-105.3690033
-37.8338623,55.74029541,-103.9191895
19.57977295,-41.54772949,-101.0679321
14.95678711,-30.45767212,-100.9673615
14.15478516,-17.17181396,-101.2620697
12.81896973,-1.329498291,-101.3417664
-16.65823364,9.424713135,-101.0511627
-18.88168335,2.999084473,-101.717926
17.07687378,19.00045776,-102.1065369
27.10513306,36.43222046,-101.9084167
27.05004883,30.32168579,-103.4941864
20.92687988,30.11776733,-100.7104645
-21.35171509,-18.431427,-101.1625214
11.37191772,-13.13101196,-100.1151733
9.529632568,-18.24200439,-99.54403687
9.719787598,-7.606964111,-100.2346649
10.03536987,5.441772461,-100.387619
13.50543213,10.91278076,-101.0275879
-15.35852051,14.78363037,-100.2302246
13.04995728,21.43548584,-99.54908752
22.33383179,-49.4161377,-99.18249512
-31.8175354,-39.68276978,-99.86962891
12.38531494,-33.99349976,-98.94258118
12.45935059,-25.1217041,-100.0015411
-19.33416748,-13.15634155,-100.5784912
7.480010986,-3.498779297,-99.35734558
8.503387451,12.27215576,-99.30282593
-14.81033325,21.70230103,-99.14407349
-15.60171509,33.040802,-98.46725464
-22.85253906,37.26239014,-101.7021027
-25.26333618,-32.31204224,-99.91317749
4.877593994,-10.99957275,-97.73103333
2.631744385,0.22253418,-97.6932373
3.850738525,7.06552124,-97.83244324
6.22354126,16.0317688,-98.18817139
14.80905151,28.22109985,-98.58757019
11.16262817,24.85232544,-98.24888611
19.81988525,36.69793701,-97.91136169
7.032592773,-28.32891846,-97.33027649
-34.23051453,-23.45965576,-95.70669556
5.139465332,-22.41668701,-97.48156738
6.823242188,20.49307251,-97.58424377
11.73260498,-42.34552002,-96.10987854
12.28399658,-38.73718262,-97.02101135
-32.79797363,-26.52352905,-94.51713562
10.41964722,28.10723877,-97.20602417
42.98434448,-60.0954895,-96.94438171
25.49188232,-56.4291687,-97.82324219
27.8041687,-54.23184204,-100.7436371
30.65322876,-57.67666626,-101.3762665
7.390441895,-35.10293579,-96.38072205
-19.49456787,-23.69644165,-99.13237
-14.78649902,-18.54501343,-97.4942627
-17.478302,-28.29992676,-96.90452576
10.01339722,34.22952271,-95.04246521
-15.4916687,46.02615356,-95.08718872
-16.82189941,39.83721924,-98.14233398
-21.66287231,45.46948242,-98.7771759
16.38018799,41.10275269,-95.30975342
-40.71711731,75.56661987,-94.14750671
-37.35870361,74.31533813,-94.85368347
21.51867676,-36.16555786,-90.17965698
-30.11209106,-11.78387451,-92.09513855
-10.57687378,43.16616821,-93.74571228
-30.64520264,-24.10354614,-93.08093262
-24.65725708,14.8331604,-90.03289795
-11.75521851,47.37670898,-93.37887573
-15.94473267,52.9786377,-93.60070801
-17.45159912,50.67358398,-95.00865173
-62.17076111,-82.19049072,-92.65126038
-67.01759338,-81.2862854,-92.30299377
-63.20422363,-79.15777588,-93.96789551
14.96743774,-51.76919556,-93.29673767
23.57699585,-59.88305664,-94.20956421
19.60491943,-58.79721069,-91.26663208
12.95901489,-52.56552124,-90.35629272
5.589752197,-45.23776245,-90.61909485
0.3175354,-37.86425781,-91.06809998
2.039398193,-37.70309448,-93.66043091
-31.89578247,-36.86746216,-89.0093689
-34.87625122,-33.74761963,-92.21716309
-30.95965576,-27.56097412,-91.11408997
-31.37411499,-25.55130005,-92.52259827
-8.767425537,48.48916626,-91.97257996
-59.2023468,-89.7428894,-90.18771362
-55.52819824,-88.69573975,-90.98860168
-54.74894714,-88.01589966,-88.04838562
-53.47407532,-84.6282196,-89.86672974
40.42077637,-86.5105896,-92.90109253
39.16189575,-89.73773193,-90.15368652
35.97720337,-85.05787659,-91.37512207
44.51870728,-90.69543457,-90.40956116
-66.02101135,-88.13923645,-90.78892517
-61.08184814,-86.26412964,-91.93670654
-58.70487976,-87.97738647,-91.65312195
-58.39788818,-85.94509888,-91.71591187
-57.60775757,-85.085495,-92.00875854
-55.35758972,-86.36604309,-91.23158264
30.72363281,-75.21112061,-91.77818298
37.05755615,-80.61024475,-94.12872314
31.84741211,-81.44029236,-89.45103455
25.70547485,-67.49038696,-91.24258423
27.33111572,-72.35083008,-89.35313416
19.00576782,-61.87493896,-88.60154724
0.013580322,-40.66925049,-88.02207947
-32.13796997,-29.51687622,-90.90472412
-29.17700195,-23.59399414,-91.32527161
-26.11279297,-11.76315308,-89.64494324
33.04660034,-88.16781616,-86.0368042
-57.02618408,-79.99633789,-93.39372253
-49.14181519,-78.43647766,-89.6065979
7.235473633,-51.69412231,-86.41879272
23.93869019,-42.18862915,-89.07516479
-32.81246948,-30.22369385,-90.89933777
-31.09057617,-31.71240234,-89.88470459
-0.068695068,-19.70446777,-93.82710266
-0.847351074,-16.62841797,-89.55438232
-1.050109863,-13.20547485,-90.66699219
-24.55236816,-4.281799316,-88.00448608
22.31182861,-68.60415649,-87.21276855
14.51290894,-56.8352356,-88.20646667
18.64157104,-30.78826904,-88.56387329
-24.9927063,-31.55258179,-88.31530762
16.44384766,-26.99203491,-87.07722473
-1.760345459,-25.03894043,-90.53315735
-2.183410645,-8.169586182,-89.61167908
24.05932617,59.45043945,-90.41333008
26.54473877,65.59783936,-87.99275208
30.04980469,57.43136597,-94.33102417
26.85668945,-76.50563049,-86.85688782
-15.86068726,-36.63806152,-91.14741516
0.321136475,-6.99206543,-84.75881958
40.06802368,-94.36143494,-87.13027954
46.73712158,-96.29353333,-86.36328125
48.43960571,-90.67308044,-88.80310059
20.57232666,-71.62854004,-84.79826355
18.68658447,-41.44857788,-85.73696899
16.68487549,-34.39068604,-86.78718567
-19.43630981,-17.75823975,-87.38903809
-21.89993286,-11.73431396,-87.50369263
-18.68389893,-6.503356934,-86.51113892
-20.19168091,-2.708221436,-86.16622925
-20.36395264,0.614318848,-85.42651367
-23.34735107,1.780853271,-85.75848389
14.79525757,-63.04934692,-85.10662842
30.53744507,-58.74032593,-83.15036011
22.92196655,-46.98178101,-85.87113953
35.62036133,-95.38438416,-84.2081604
27.7638855,-81.96765137,-85.31809998
-30.66329956,-42.2640686,-85.48376465
41.43960571,-100.8513336,-84.37753296
23.17657471,-77.5813446,-83.2545166
27.50015259,-58.26977539,-81.26469421
12.45330811,-31.80929565,-85.24250793
-21.4760437,4.11239624,-83.23583984
36.88137817,-101.5950623,-83.31965637
52.56576538,-87.42097473,-79.28320313
50.79638672,-87.74047852,-85.49569702
50.45843506,-80.68934631,-88.01924133
17.97537231,-70.74978638,-83.3453064
-24.73083496,-54.44229126,-85.2297821
-34.29985046,-48.5843811,-83.17144775
12.99264526,-65.11791992,-82.58181763
18.71569824,-74.44699097,-81.69039917
13.82421875,-68.22891235,-80.96824646
-42.9919281,-56.42016602,-78.25187683
42.06204224,-107.8308105,-80.38572693
36.02218628,-108.217804,-79.40989685
33.48751831,-100.965332,-80.58085632
39.40600586,-104.5863342,-81.72187805
44.97491455,-104.5319672,-81.7089386
35.41070557,-101.8725433,-82.1933136
49.07385254,-103.1380463,-80.45162964
47.65896606,-99.94158936,-82.83561707
49.73953247,-94.63577271,-85.02210999
51.97692871,-94.30149841,-81.3911438
24.07879639,-83.53260803,-81.45887756
25.28582764,74.13375854,-81.91265869
30.51821899,80.77087402,-79.43647766
33.39840698,77.26855469,-84.71786499
39.54141235,-112.8768158,-79.27827454
18.81692505,-77.04238892,-80.24055481
48.01806641,-109.9715118,-79.02204895
18.4263916,-79.20013428,-78.41130066
-78.48336792,-88.28633118,-77.37081909
-76.73971558,-80.01170349,-77.47528076
-77.91647339,-85.47688293,-79.3086853
16.92080688,5.568603516,-77.66270447
-79.70492554,-91.12965393,-74.52148438
-77.92778015,-83.28152466,-75.25636292
-74.42919922,-75.24377441,-74.27174377
-73.5607605,-73.13821411,-77.70469666
51.8692627,-108.2773895,-75.33964539
52.43783569,-113.4072113,-72.7539978
49.38208008,-112.5243835,-77.14761353
52.52648926,-101.0155334,-74.83790588
52.77020264,-106.1654205,-72.61006165
53.0809021,-102.6715088,-76.3336792
54.28686523,-98.8283844,-76.36056519
53.32720947,-96.7677002,-74.85342407
-78.26013184,-95.15533447,-76.67906189
-79.51593018,-95.69369507,-74.73765564
-7.09173584,10.66705322,-73.8895874
-79.39202881,-86.16027832,-73.25959778
54.17855835,-98.07293701,-71.74502563
-80.48321533,-95.08787537,-71.2421875
-6.722991943,7.58770752,-72.57502747
2.444458008,6.006256104,-75.11785889
16.02719116,9.057037354,-72.63269043
45.40963745,-121.3694,-73.9899292
48.96020508,-123.2477112,-70.93457031
44.02987671,-121.3162994,-68.099823
4.366546631,9.001922607,-71.24810791
54.53887939,-109.9446869,-69.37728882
54.51843262,-103.3785248,-69.37237549
-78.61201477,-81.56207275,-72.46618652
-76.16833496,-75.10194397,-70.40103149
15.55969238,-74.23126221,-71.38690186
-5.498321533,10.96200562,-71.16506958
48.66815186,-122.6013031,-67.55728149
52.60342407,-123.2883148,-67.81088257
-81.11647034,-84.30796814,-68.18469238
4.133422852,7.013275146,-69.79138184
4.357910156,8.466766357,-69.46508789
14.15255737,15.34451294,-65.41134644
52.1222229,-122.8626251,-65.09933472
55.71258545,-116.9056244,-67.82659912
55.44213867,-98.59637451,-67.23724365
3.922119141,12.36999512,-68.7869873
-82.13615417,-90.35183716,-68.20654297
-79.8868103,-79.52876282,-67.11654663
-77.61750793,-75.9823761,-68.4281311
56.98779297,-124.5228424,-63.51705933
56.35247803,-122.1629791,-66.56085205
47.21350098,-120.2008514,-62.99835205
42.62744141,-119.5415039,-63.87246704
56.41079712,-106.5183868,-64.78936768
-77.81965637,-99.20144653,-69.99411011
56.78695679,-97.78421021,-62.6529541
-83.28657532,-90.99620056,-63.75958252
-82.16732788,-84.8981781,-61.93240356
-83.63040161,-90.23532104,-58.80941772
-80.99423218,-81.14074707,-65.91461182
-6.473266602,17.15637207,-66.05795288
-7.166351318,21.81619263,-68.7210083
-8.038513184,22.67651367,-62.87637329
54.56954956,-122.877533,-59.60177612
-82.38150024,-95.87460327,-61.71505737
-76.76095581,-74.13165283,-64.29394531
59.15835571,-114.377533,-60.80331421
-77.64239502,-98.13230896,-62.18099976
41.84979248,-116.3659058,-60.06277466
61.52557373,-120.8675385,-57.2678833
59.00265503,-121.9254456,-63.01940918
58.25006104,-104.2448883,-59.17858887
22.16931152,-86.37136841,-62.22827148
-79.7795105,-78.25537109,-57.00680542
-78.97285461,-77.45826721,-63.6182251
5.935668945,26.10415649,-58.82107544
4.693939209,28.36355591,-61.58459473
4.978302002,22.69335938,-62.18548584
-82.14605713,-97.19958496,-57.4836731
-77.15162659,-96.98788452,-56.38308716
-71.695755,-96.43148804,-62.05285645
-43.70922852,-79.19697571,-63.33569336
14.37149048,19.43408203,-60.10690308
12.51034546,15.53271484,-58.69015503
-31.24249268,93.66772461,-63.12722778
50.15548706,-117.7904053,-56.86715698
36.39825439,-111.6109772,-58.49438477
38.24081421,-115.5342102,-65.14468384
12.2364502,13.20544434,-61.32281494
4.629425049,14.8522644,-65.24560547
5.205718994,16.46008301,-59.30236816
4.946105957,17.00894165,-62.66000366
6.160247803,18.515625,-57.26785278
-7.199279785,32.04763794,-58.22393799
-8.468963623,36.99862671,-53.33654785
-9.238555908,32.54586792,-53.26367188
55.50576782,-121.4564209,-53.96813965
46.12973022,-117.0195923,-58.43484497
61.91503906,-112.9968872,-53.17706299
59.59487915,-108.5716705,-55.9385376
-82.22657776,-84.52116394,-56.92712402
-8.08581543,20.77069092,-57.42950439
-7.449401855,18.57995605,-60.87310791
7.910064697,22.92565918,-56.35620117
12.20129395,22.23669434,-55.54574585
5.760864258,31.25009155,-55.96957397
43.56463623,-116.205307,-57.88995361
40.46829224,-114.4009552,-57.45568848
-65.90606689,-93.2111969,-60.3815918
-70.4148407,-94.42329407,-56.71716309
-64.81242371,-91.98286438,-53.40963745
-48.63743591,-82.03805542,-57.25805664
38.82958984,-81.24032593,-55.859375
12.11657715,14.77288818,-57.73342896
-11.95657349,15.46292114,-57.459198
11.73825073,18.13546753,-55.96929932
58.69940186,-126.6665192,-59.72250366
59.46386719,-125.8059998,-56.05490112
57.96832275,-97.01475525,-57.28479004
-84.05888367,-94.14048767,-56.89208984
-60.20155334,-90.50372314,-56.69967651
25.68612671,-91.4488678,-57.96801758
5.383148193,17.62081909,-56.18804932
7.904937744,26.53012085,-54.78695679
-9.514648438,29.70230103,-54.17071533
63.86642456,-118.937851,-49.88711548
44.42834473,-114.4328766,-55.56515503
59.75610352,-101.0802155,-53.49331665
28.56378174,-94.42405701,-53.24356079
12.12802124,15.96096802,-56.0642395
5.619384766,17.90692139,-54.97570801
-8.970581055,25.34765625,-58.73754883
-9.030731201,28.13769531,-56.20327759
60.44708252,-125.8166962,-58.99945068
45.90390015,-112.4776459,-52.18856812
51.73193359,-116.6213226,-51.94421387
38.24133301,-110.1048126,-53.81164551
30.96237183,-103.8454742,-56.01708984
27.80700684,-98.21011353,-54.48175049
-68.55924988,-92.59674072,-51.1255188
-84.21647644,-90.00033569,-52.37557983
9.436279297,19.40951538,-54.50723267
-8.243865967,20.52764893,-54.32086182
14.49707031,26.20394897,-53.94958496
62.65075684,-125.0432739,-52.06930542
33.86700439,-105.3817902,-50.46484375
-73.61068726,-94.75088501,-50.71749878
32.90078735,-93.56788635,-49.42208862
32.15905762,-99.72808838,-48.67816162
7.236083984,18.44546509,-54.27593994
-11.04769897,27.24536133,-53.22888184
39.47393799,-108.0049438,-49.24002075
-82.90368652,-95.90605164,-52.36505127
-78.4959259,-96.31268311,-50.64483643
-51.76231384,-84.78660583,-53.49945068
-82.69395447,-82.88441467,-51.94076538
10.07852173,17.44558716,-54.12872314
10.78164673,25.82992554,-53.28900146
9.088409424,29.13470459,-50.87088013
7.092376709,36.01473999,-49.14364624
61.02212524,-105.8600769,-51.85079956
62.37380981,-107.1007233,-48.27487183
-56.75547791,-85.44560242,-48.37731934
-58.40711975,-80.71585083,-47.51119995
-9.129272461,20.3678894,-53.42129517
-7.544403076,20.90899658,-53.48208618
-11.20959473,32.24530029,-50.70593262
59.72982788,-125.0849457,-48.40255737
-60.53945923,-89.35401917,-49.30758667
-54.84828186,-87.63388062,-53.05075073
13.03109741,27.18344116,-50.16769409
12.12347412,30.76507568,-47.17541504
-10.47311401,34.45278931,-50.40628052
66.1572876,-123.3397064,-44.63021851
54.94302368,-119.4496613,-48.19683838
61.70690918,-98.67623901,-46.86773682
-83.29219055,-97.87216187,-47.05462646
-86.23114014,-92.85127258,-46.42901611
-84.51925659,-84.63639832,-46.60070801
7.335754395,33.12359619,-47.39614868
48.91577148,-112.8531189,-47.00427246
63.98086548,-111.5686646,-46.14599609
43.8387146,-108.3739929,-46.62322998
38.89016724,-104.5161285,-44.80462646
-77.7808075,-96.40878296,-45.63723755
-70.64595032,-92.61331177,-44.11044312
-65.8371582,-91.04295349,-47.49502563
13.73718262,28.01748657,-49.11071777
9.719207764,42.55026245,-45.86422729
64.20391846,-128.0964966,-45.45065308
5.776031494,35.71994019,-46.75875854
5.343383789,36.6468811,-46.13305664
56.556427,-121.6949768,-41.16973877
36.22137451,-96.17907715,-44.66159058
52.41088867,-115.78302,-43.16134644
63.52493286,-104.390686,-44.26947021
-87.06242371,-99.38478088,-44.49102783
-83.23490906,-100.0618896,-42.11196899
-85.9180603,-80.49784851,-41.85958862
-62.69699097,-80.26907349,-43.09942627
4.998168945,34.54177856,-45.01919556
67.45983887,-128.9732666,-41.55767822
43.26864624,-107.2048798,-45.63146973
42.95046997,-106.7672882,-46.22692871
42.26791382,-106.7765198,-45.30325317
-88.90815735,-95.8833313,-42.89907837
-70.4085083,-92.05470276,-38.12265015
-85.87084961,-88.07865906,-44.08184814
65.65386963,-131.9438324,-40.05029297
62.19076538,-129.0942688,-40.35583496
68.75170898,-124.982605,-42.16699219
44.40246582,-107.8045959,-44.36141968
35.90881348,-99.40568542,-43.29180908
-76.01069641,-96.78034973,-39.86767578
-88.00518799,-87.86209106,-41.52728271
-85.54380798,-84.53764343,-42.74200439
-61.82853699,-84.01057434,-43.08981323
5.861541748,33.08544922,-43.59057617
66.71426392,-115.0149536,-43.52124023
65.5982666,-108.3270874,-42.10266113
47.94061279,-110.4990082,-40.64544678
43.00198364,-104.824585,-38.8999939
-89.54823303,-100.605423,-41.61987305
-89.12409973,-105.5672455,-39.82852173
65.29165649,-101.0557404,-41.85412598
40.2192688,-95.64120483,-40.57763672
4.878814697,33.76727295,-43.55459595
50.13174438,-83.35035706,-41.21786499
11.23294067,38.67791748,-40.23599243
67.09783936,-130.4370728,-36.18362427
69.56109619,-125.5962982,-40.07675171
69.04772949,-120.4681702,-40.91329956
51.37844849,-114.8947601,-36.78027344
67.89437866,-108.3751678,-39.99685669
-91.62882996,-103.5171356,-39.41772461
40.92199707,-100.0362396,-38.95541382
-91.04170227,-95.89884949,-39.66314697
-87.4855957,-79.11193848,-38.33422852
-85.06199646,-72.72868347,-38.75796509
59.0774231,-125.7470856,-36.22668457
-80.80369568,-99.10301208,-37.83816528
-86,-103.9246826,-38.08526611
11.03369141,39.4864502,-38.82342529
65.07348633,-132.3083038,-37.54446411
69.28198242,-119.9681091,-38.1557312
68.98034668,-123.5292511,-35.53872681
69.56622314,-127.1854248,-38.43649292
54.94741821,-120.3327484,-35.71444702
69.97354126,-121.8438721,-39.28695679
69.74645996,-113.6797943,-39.19869995
68.72354126,-114.9258118,-36.11471558
68.15869141,-109.638031,-38.13409424
67.07925415,-106.6161499,-36.51803589
68.11315918,-105.5289307,-39.17086792
66.5645752,-101.2071838,-37.47943115
66.20855713,-97.78582764,-38.94128418
65.79864502,-95.21902466,-35.53900146
-72.66893005,-78.31278992,-33.33520508
62.76242065,-129.5977173,-34.72515869
47.39013672,-108.6150818,-33.99819946
-92.52099609,-100.6719208,-34.74151611
-92.7131958,-100.3631287,-37.86386108
-92.5974884,-104.5897369,-36.36206055
67.29281616,-101.4423218,-34.08468628
-91.8039093,-92.87612915,-32.60205078
-91.47592163,-93.66523743,-36.62210083
-89.24758911,-86.46359253,-38.34924316
-89.67738342,-86.09820557,-36.64465332
-88.32720947,-81.27508545,-37.17358398
52.13995361,-117.147934,-33.78848267
69.11151123,-108.1833038,-33.12280273
-90.36965942,-106.8222351,-36.95358276
-87.73143005,-105.3640289,-36.30905151
-75.63659668,-95.87179565,-37.052948
-91.04284668,-89.48777771,-35.2255249
-90.14013672,-85.64385986,-35.36639404
-89.09965515,-81.4780426,-35.53768921
53.5440979,-86.60882568,-34.6307373
70.36700439,-117.8688049,-31.44683838
49.63427734,-113.3374176,-33.1852417
-89.01615906,-105.9143372,-34.43826294
-84.50512695,-101.020874,-35.48324585
-87.52903748,-103.9233246,-34.43093872
-77.09591675,-95.33673096,-35.675354
-78.42747498,-95.27781677,-34.51721191
-91.64549255,-106.1388702,-33.54455566
-85.30793762,-102.7150116,-32.62722778
-75.13664246,-92.12437439,-33.66607666
-74.00769043,-65.14590454,-33.56195068
57.73300171,-122.7159271,-32.47579956
-90.08755493,-107.1612854,-31.59207153
-81.55335999,-98.92709351,-32.04714966
-83.11131287,-100.8934937,-29.49603271
-79.11738586,-96.04566956,-33.48162842
-77.04377747,-94.80096436,-31.55020142
56.91928101,-85.90878296,-32.06655884
63.63806152,-126.1864624,-31.84552002
68.2633667,-126.258194,-32.04806519
51.4538269,-114.0760193,-31.46261597
70.2460022,-102.5108185,-30.61959839
-76.24586487,-79.55580139,-28.71343994
-80.53335571,-76.80232239,-25.43051147
58.2199707,-119.5873718,-30.14627075
-91.75205994,-106.956604,-30.39926147
-88.26879883,-107.1972961,-31.16012573
-86.85902405,-105.9250183,-32.12728882
-86.72499084,-105.2042389,-30.25134277
71.81375122,-109.3045197,-30.24453735
-90.58390808,-81.47312927,-28.65136719
-90.42781067,-81.47668457,-31.6756897
-91.46208191,-86.70553589,-30.0144043
63.46987915,-80.6219635,-28.93643188
60.01071167,-83.23191833,-29.09414673
65.79464722,-123.9048615,-29.75506592
-88.87759399,-104.7448425,-28.86917114
50.98434448,-111.5333099,-29.91769409
69.03759766,-95.05133057,-31.50982666
68.38766479,-81.65670776,-27.49243164
63.03057861,-122.0993805,-29.21502686
68.01187134,-124.2427826,-29.06976318
47.99261475,-107.4974976,-28.8611145
70.98077393,-90.12573242,-26.89550781
68.95584106,-84.57444763,-27.51763916
60.36499023,-121.5787964,-28.30828857
54.35031128,-116.70578,-28.24545288
55.80767822,-116.5768738,-28.92901611
72.35116577,-102.6043091,-28.50537109
-91.7796936,-99.97737122,-29.37332153
-90.02061462,-63.25308228,-27.55639648
73.21865845,-104.0323792,-25.9977417
73.05419922,-110.759079,-26.29190063
73.40304565,-108.2731781,-27.47247314
72.56323242,-100.5214386,-27.74642944
-85.96807861,-101.7143097,-26.27584839
72.50024414,-97.44821167,-25.78912354
71.96276855,-93.94219971,-26.03561401
62.3109436,-84.6396637,-24.62207031
64.23202515,-79.43940735,-24.54507446
-82.81945801,-55.86264038,-26.07284546
-87.32051086,-55.15933228,-26.53555298
-88.86981201,-57.73242188,-27.08236694
66.25305176,-117.5367737,-25.81118774
57.80813599,-112.0815277,-24.79891968
62.30978394,-120.5293121,-27.03106689
63.87765503,-112.9301605,-23.95523071
61.01559448,-108.0419312,-22.18145752
75.04742432,-104.0014038,-22.21902466
73.52023315,-99.36077881,-24.11325073
73.60345459,-95.08351135,-23.25396729
72.15536499,-84.45545959,-24.56420898
46.24295044,-102.3586731,-26.13491821
-87.90150452,-101.2210846,-25.92236328
72.32095337,-78.7358551,-23.5803833
-82.62487793,-80.81669617,-22.51879883
70.08105469,-113.1740417,-22.7923584
73.42852783,-109.5957336,-22.12765503
-85.62481689,-101.3654022,-24.31045532
-88.81188965,-100.2470093,-24.49417114
76.39505005,-96.00964355,-19.76348877
73.74761963,-89.17897034,-23.19555664
65.78674316,-74.44645691,-21.47109985
67.65420532,-76.82678223,-25.52737427
-82.03086853,-56.57260132,-23.5229187
-91.89245605,-55.73303223,-24.12878418
-91.31347656,-50.00259399,-23.33047485
-85.99549866,-52.91558838,-24.25958252
-86.40686035,-46.4281311,-22.39859009
66.37316895,-107.3854828,-19.98184204
61.68844604,-103.8394165,-19.79995728
-87.71269226,-98.91960144,-24.22372437
-89.28486633,-93.35784912,-24.07293701
-84.26255798,-91.57765198,-23.04022217
73.82034302,-87.71887207,-22.86993408
73.22647095,-86.43421936,-22.87216187
72.21322632,-86.47138977,-25.20932007
-82.23361206,-50.73339844,-21.93026733
-93.56387329,-45.86483765,-22.0763855
-91.20283508,-42.32104492,-22.38208008
54.86465454,-103.8564911,-21.87988281
51.22824097,-104.9030151,-23.73867798
-88.38911438,-87.80633545,-22.78973389
-90.48184204,-83.27127075,-22.29431152
-85.02400208,-83.20027161,-21.44744873
68.09280396,-81.01210022,-18.94332886
75.9140625,-74.36567688,-20.99526978
72.53417969,-72.0229187,-22.16760254
-94.58901978,-41.14074707,-20.75320435
-84.80705261,-79.52876282,-22.21334839
74.80505371,-64.16323853,-18.19113159
75.63879395,-70.16598511,-20.53924561
-87.84951782,-78.13693237,-20.996521
-92.02662659,-77.74656677,-22.45397949
-92.25260925,-74.87289429,-18.70849609
66.77865601,-76.81556702,-19.25274658
79.53964233,-67.9380188,-17.94644165
-81.49597168,-42.15164185,-19.53637695
-88.64051819,-39.27072144,-20.71176147
-94.57905579,-35.39453125,-18.6048584
-89.31694031,-32.69998169,-18.28927612
-98.30822754,-39.5894165,-17.88952637
65.57830811,-100.1837769,-17.75570679
69.54519653,-102.8505554,-17.12637329
-89.45700073,-73.07156372,-17.81842041
-92.50326538,-56.21096802,-16.60394287
-82.81654358,-35.94122314,-18.18991089
70.53488159,-96.80082703,-15.17681885
83.00360107,-64.46722412,-15.09161377
81.48455811,-60.90316772,-15.02178955
83.16802979,-68.91638184,-14.75479126
-78.10343933,-38.69638062,-17.31500244
-84.93243408,-30.4125061,-17.2633667
-78.66944885,-31.86935425,-15.67559814
-94.72724915,-29.89892578,-16.87619019
-89.60987854,-26.99935913,-15.41934204
75.7487793,-103.0261383,-18.6060791
74.7911377,-99.85598755,-15.60775757
71.93252563,-105.2857666,-18.13748169
-96.79266357,-52.91601563,-15.65838623
-91.789505,-43.87219238,-16.06256104
-82.20936584,-26.76187134,-16.22833252
77.53286743,-97.1199646,-15.84741211
75.38088989,-95.54119873,-15.15866089
73.49935913,-84.02856445,-12.54760742
70.82623291,-75.14846802,-14.56698608
-92.70265198,-71.66366577,-15.72613525
68.83032227,-67.53897095,-13.9430542
67.04650879,-64.02511597,-15.93374634
67.26040649,-71.62539673,-17.61157227
-96.16567993,-57.54568481,-14.2986145
-97.57844543,-57.91589355,-14.77682495
-96.93283081,-56.1947937,-18.51968384
-95.76167297,-45.52627563,-15.12811279
-93.46533203,-39.74258423,-14.37182617
-89.54786682,-39.12594604,-15.28167725
-83.99731445,-39.80044556,-14.36489868
-95.57550049,-27.75909424,-14.40411377
-80.07124329,-25.82159424,-15.51748657
-82.96061707,-24.70529175,-14.85202026
-79.44577026,-26.69403076,-15.38064575
-77.05604553,-27.2467041,-14.78521729
-78.99026489,-24.65692139,-14.33374023
77.59552002,-92.91160583,-14.4185791
74.80557251,-91.0827179,-13.29174805
71.50332642,-89.3530426,-13.47390747
78.96530151,-90.37791443,-15.78009033
78.71124268,-87.01094055,-12.33493042
-94.7437439,-67.62435913,-14.8732605
83.059021,-72.71064758,-14.66009521
84.76617432,-71.75805664,-11.83654785
66.09863281,-60.28311157,-13.1395874
69.89987183,-58.2253418,-14.75811768
-98.88117981,-46.01986694,-14.33920288
-97.77496338,-42.09347534,-13.58203125
-72.83161926,-31.13031006,-13.38751221
-85.28503418,-23.0960083,-13.01217651
-79.29959106,-21.69058228,-12.63272095
-77.94267273,-26.05001831,-14.98553467
-74.08732605,-21.48339844,-13.32913208
-71.69522095,-26.35296631,-13.39376831
-90.6368866,-24.8821106,-13.48898315
-96.25665283,-67.50643921,-16.51147461
-97.07321167,-62.43200684,-14.36462402
-96.8187561,-62.92086792,-17.5085144
75.32553101,-55.45272827,-14.70849609
81.62417603,-52.97201538,-13.10806274
77.73583984,-50.65783691,-13.08004761
73.01980591,-49.08428955,-12.64593506
71.1831665,-53.54400635,-13.69586182
-96.95851135,-35.81625366,-13.06005859
-97.80084229,-31.61694336,-12.94454956
80.13189697,-85.37364197,-14.18292236
76.32730103,-76.33592224,-10.78100586
-96.90393066,-59.13406372,-13.12957764
66.61486816,-53.65472412,-12.35189819
66.22317505,-47.84481812,-11.33126831
-100.029953,-40.61282349,-12.93643188
-66.10958862,-29.54299927,-11.39993286
-56.25334167,-13.00787354,-11.08731079
-52.259552,-10.93069458,-9.452514648
-56.35490417,-16.56713867,-11.34640503
82.00598145,-81.86199951,-10.61398315
81.18252563,-81.05210876,-14.79995728
74.17514038,-69.15423584,-12.05142212
78.85180664,-70.71835327,-9.442687988
76.2532959,-63.24780273,-10.1973877
68.55245972,-60.97772217,-11.09552002
64.43893433,-56.34667969,-10.70010376
79.98904419,-49.00192261,-11.80264282
68.52282715,-44.17837524,-11.61672974
65.1762085,-43.05529785,-11.03967285
74.34524536,-45.4586792,-11.34811401
65.24334717,-45.57901001,-9.967376709
65.96963501,-42.63476563,-10.74667358
64.22171021,-41.65875244,-11.31225586
64.57369995,-41.07092285,-11.43426514
-100.3935699,-36.28671265,-13.2996521
-66.55117798,-22.39776611,-11.91650391
-61.59465027,-17.8145752,-11.51309204
-59.53826904,-25.01257324,-10.17416382
-67.61624146,-16.65274048,-10.99499512
-73.0891571,-16.32513428,-10.14978027
-58.90400696,-13.88650513,-10.81881714
-63.14421082,-13.49639893,-10.01159668
78.60192871,-82.11624146,-9.191864014
81.09805298,-66.89984131,-8.287658691
83.45507813,-61.81713867,-8.189086914
84.25616455,-58.63232422,-10.05871582
81.67520142,-52.29159546,-11.05908203
73.40426636,-47.53652954,-10.45626831
60.99969482,-49.53305054,-9.556610107
62.5328064,-46.00869751,-10.55755615
83.76040649,-51.62930298,-11.71191406
78.42120361,-47.71813965,-10.88739014
68.09890747,-42.16183472,-10.96722412
62.19955444,-39.76324463,-10.37536621
63.87591553,-42.06402588,-10.1401062
65.07171631,-39.23440552,-9.991210938
63.47753906,-40.66711426,-10.08880615
64.80172729,-41.16732788,-11.11251831
58.63519287,-41.98306274,-9.595062256
60.58636475,-35.32830811,-9.935089111
63.22381592,-38.02224731,-10.28201294
65.60046387,-40.06576538,-11.17214966
64.41207886,-40.21463013,-11.23529053
64.98129272,-40.61376953,-10.98617554
65.61767578,-40.36004639,-10.76412964
65.72570801,-38.99334717,-11.11816406
65.25198364,-39.00836182,-11.35122681
65.65249634,-38.96829224,-10.97842407
65.76226807,-38.94403076,-11.28826904
-73.77970886,-18.87411499,-8.73425293
-73.53620911,-16.30044556,-9.520172119
79.06216431,-76.67869568,-7.981079102
85.94711304,-61.98062134,-8.534820557
63.76049805,-53.64154053,-8.581665039
66.59536743,-43.5824585,-8.881072998
68.8147583,-38.3493042,-8.387176514
65.39550781,-33.09432983,-9.189666748
68.85943604,-31.25683594,-8.238677979
-65.49731445,-33.52401733,-10.21377563
-61.84022522,-31.31851196,-9.105773926
61.86309814,-26.96731567,-8.292907715
56.56439209,-28.54656982,-9.695861816
50.88027954,-26.97680664,-9.945678711
48.35055542,-24.12805176,-9.212158203
48.94390869,-19.84576416,-7.904510498
-66.15316772,-10.31765747,-8.286010742
-69.57691956,-13.53952026,-7.637817383
-59.08839417,-9.078277588,-8.442230225
76.74694824,-80.06669617,-9.348419189
65.55874634,-49.32369995,-8.256378174
71.49716187,-33.77636719,-8.251983643
72.7008667,-36.7265625,-8.016021729
-56.73083496,-29.72094727,-6.77243042
-52.55052185,-24.95825195,-7.667602539
44.22485352,-22.85064697,-8.061248779
-51.92779541,-7.673156738,-6.125152588
-49.51335144,-9.113586426,-8.097229004
81.56307983,-78.76405334,-7.995941162
81.13009644,-70.76748657,-7.577148438
83.85708618,-67.89031982,-7.374084473
86.00088501,-61.49356079,-6.882232666
63.41040039,-48.34005737,-6.798522949
66.86199951,-44.22976685,-7.438354492
69.18530273,-37.58374023,-7.231658936
72.95321655,-34.49191284,-7.455474854
70.87960815,-30.58480835,-7.527313232
66.20162964,-29.7986145,-6.830871582
-68.286026,-18.08932495,-5.937072754
41.92462158,-21.66390991,-6.220153809
41.2171936,-17.01080322,-3.830291748
44.72918701,-18.2984314,-6.354492188
-48.04244995,-11.47631836,-8.438720703
-46.14416504,-9.685638428,-4.804931641
-61.91096497,-6.561950684,-4.730041504
82.90841675,-73.85784912,-7.064025879
84.24377441,-75.996521,-9.612609863
85.92227173,-66.20794678,-9.449829102
85.97167969,-63.06515503,-7.280426025
59.61749268,-46.61242676,-6.875030518
55.57608032,-45.76272583,-7.6171875
64.52294922,-42.66668701,-6.190734863
52.43106079,-41.30990601,-7.77822876
54.05279541,-39.89550781,-5.988861084
66.87271118,-35.24560547,-6.273406982
60.00106812,-36.23529053,-5.87210083
69.48025513,-32.55618286,-6.999755859
50.1211853,-38.8522644,-5.404754639
51.82919312,-34.92141724,-5.110839844
56.02160645,-32.93383789,-5.381896973
55.11911011,-29.83825684,-5.071350098
-45.23710632,-26.24127197,-3.089508057
42.25558472,-28.88500977,-5.228637695
40.5748291,-22.84609985,-2.789428711
-66.06922913,-23.88296509,-4.527038574
43.90716553,-14.51821899,-3.282318115
-43.50102234,-12.98062134,-3.893249512
-50.1711731,-7.348449707,-2.153717041
54.87350464,-38.23898315,-4.0050354
52.48019409,-41.59545898,-3.612518311
53.59353638,-33.44213867,-4.768829346
57.13684082,-29.81750488,-3.827301025
-61.80752563,-31.48822021,-5.334686279
49.00985718,-15.3494873,-4.030548096
56.28067017,-16.32513428,-3.61227417
-45.27972412,-12.74484253,-3.106323242
-45.04867554,-12.43496704,-4.122161865
-43.40400696,-13.80194092,-3.690460205
41.25039673,-14.76739502,-0.122039795
48.92608643,-40.81005859,-3.223297119
44.88171387,-36.67437744,-3.39440918
42.3684082,-33.13226318,-2.317474365
41.1071167,-28.80014038,-1.67779541
-46.22738647,-25.47784424,-1.668792725
-46.84515381,-14.18637085,-2.020446777
-45.62680054,-14.09295654,-2.870269775
44.49493408,-13.06924438,0.184204102
-46.95649719,-10.13656616,-2.353485107
-46.18574524,-28.20928955,-2.36505127
-49.43605042,-24.39367676,-1.297851563
-51.17053223,-19.59753418,-1.505462646
40.30529785,-19.13153076,-0.101257324
-49.41413879,-9.401092529,-1.212127686
-54.08120728,-7.527160645,-1.306884766
-50.09458923,-16.11508179,-120.042511
-48.24488831,-9.786712646,-120.2526398
-47.09941101,-16.91223145,-120.0003662
-44.54750061,-6.655090332,-119.3476563
-47.44290161,-25.38934326,-118.76474
-50.50314331,-22.00933838,-119.5067596
-50.90788269,-18.9390564,-117.7298126
-50.04588318,-9.695251465,-118.7474823
-48.72219849,-6.314910889,-119.6470032
-50.28790283,-6.640930176,-119.0160065
-46.97584534,-1.266571045,-119.5650177
-48.88220215,-3.579315186,-118.779007
-42.85299683,0.7293396,-118.2516174
-47.06373596,2.565734863,-118.5206146
37.74649048,-27.3482666,-117.0542755
39.03189087,-30.79058838,-116.5307312
34.86947632,-32.15325928,-115.6135254
-41.81704712,5.861236572,-116.7276917
-41.53120422,10.56161499,-116.3411865
37.40991211,-35.3380127,-116.8877869
40.18936157,-27.46047974,-115.8677216
35.96652222,-21.48330688,-116.2453766
39.69958496,-21.28567505,-116.2809448
-50.36833191,-22.48236084,-114.4819336
38.17245483,-16.20492554,-117.2098694
39.3553772,-13.27804565,-116.4442596
35.77514648,-15.50018311,-116.2299957
34.55657959,-10.13711548,-115.3698578
38.75686646,-6.412231445,-116.962738
40.69473267,-6.23651123,-115.7855225
39.92745972,-2.162689209,-116.9525909
36.11938477,-0.675323486,-115.7793732
39.47146606,4.712005615,-115.784256
41.24542236,0.172790527,-114.8373718
35.37783813,6.40737915,-115.0017395
-45.16319275,11.72824097,-114.6717224
-44.16989136,13.36230469,-116.0601044
39.57943726,-48.45477295,-112.7789001
34.91595459,-43.38049316,-114.1206512
37.84448242,-40.47457886,-115.4796448
40.88235474,-43.82565308,-113.3106537
39.49008179,-37.31307983,-114.5610199
-49.76408386,-35.23373413,-115.7358856
-52.69593811,-37.43075562,-112.8694611
-38.295578,15.19482422,-113.9534454
34.30233765,-48.2819519,-110.9410095
-49.49572754,-42.04110718,-111.4730377
33.80297852,-37.88366699,-114.5889435
31.2449646,-15.99050903,-113.4349823
39.47872925,10.29611206,-113.0373535
40.88787842,-40.79125977,-111.0583954
-51.99484253,-35.08563232,-110.1088409
31.37213135,-4.006347656,-113.4346008
31.46209717,2.751953125,-112.935318
32.94631958,10.9503479,-113.0080566
-39.82246399,27.88421631,-112.6296844
-54.16789246,-39.74356079,-109.4633179
30.46524048,-9.502471924,-112.6546021
38.23898315,-52.8097229,-111.0191803
41.71252441,-48.27819824,-111.8547668
42.18649292,-50.58422852,-109.6677551
41.35391235,19.61859131,-109.8798676
-41.46856689,30.90722656,-111.5366974
-34.59507751,30.60919189,-109.7861176
35.04016113,-54.20330811,-108.2113342
-53.49014282,-48.28063965,-109.1869965
-39.53593445,36.03768921,-110.0281525
-36.44181824,37.16738892,-109.4759064
39.95379639,-58.54904175,-107.8856812
41.38644409,-46.4654541,-108.2602386
-33.67991638,24.37008667,-110.2972717
-49.5813446,-49.22598267,-107.9438934
-43.99473572,-45.94674683,-105.8466034
37.60375977,32.64379883,-108.5871277
-36.28726196,43.56539917,-107.2264404
41.69958496,-51.16192627,-105.0946808
-53.95379639,-53.69381714,-105.4467468
40.13314819,-42.65298462,-106.3651123
-40.81677246,-42.53369141,-104.8588257
38.38302612,39.56048584,-106.6541748
-41.10990906,46.12149048,-106.6214294
41.90463257,-64.26074219,-105.6814728
-57.5436554,-52.26123047,-104.5771942
42.86376953,36.50411987,-106.7145691
-30.63195801,37.05737305,-106.4090271
42.79071045,41.36050415,-105.1793213
32.8347168,33.44268799,-106.223587
36.10079956,-59.68643188,-105.4219666
-57.71011353,-54.93753052,-103.2138214
-46.78793335,-52.21002197,-103.4351654
-34.94030762,51.21307373,-104.9163818
39.9777832,-66.66131592,-103.3296356
45.00717163,-68.66342163,-102.9967651
-55.71740723,-59.57843018,-101.7365417
35.26367188,44.61654663,-103.2954102
40.59283447,45.29116821,-104.9250793
43.09063721,47.91491699,-103.0237732
-48.96180725,-57.90933228,-100.5765076
31.54425049,-55.00350952,-104.1404724
40.50119019,-44.90200806,-105.1889343
-38.650177,-43.43707275,-102.5623932
43.66574097,-73.36146545,-100.3062286
37.92547607,-71.00219727,-99.29216003
46.50811768,-67.24301147,-100.5447998
33.43307495,-63.27352905,-100.0935059
-60.0243988,-58.52752686,-99.27958679
-25.73486328,-24.67544556,-102.7368011
41.37585449,50.46783447,-102.612381
-36.08999634,60.77349854,-101.4255066
37.05792236,50.88943481,-101.5148163
41.08282471,56.72637939,-100.2957611
-57.76020813,-63.55361938,-99.21038818
31.45611572,47.33529663,-100.3256836
44.74093628,57.67831421,-99.08283997
35.1239624,54.98205566,-98.35159302
-38.74775696,64.85284424,-99.61560059
-34.03149414,65.17263794,-98.64770508
43.49963379,62.12350464,-97.8412323
47.38256836,-73.27398682,-97.31370544
45.26205444,-80.25601196,-96.56962585
40.62734985,-77.26145935,-97.65864563
-52.00024414,-63.56866455,-97.91271973
-61.28091431,-62.15899658,-98.28175354
-17.12271118,-17.02966309,-99.17323303
-14.70767212,-10.11917114,-98.20881653
-26.53460693,42.02960205,-102.4928741
27.52410889,42.45907593,-100.1854401
38.35284424,58.57507324,-98.16699219
46.47677612,62.7046814,-96.74865723
-58.83354187,-72.18414307,-97.05661011
-57.65205383,-74.94378662,-96.79852295
-61.56329346,-76.56788635,-96.15324402
36.04550171,-75.47674561,-96.51292419
34.43948364,-71.79760742,-96.43630981
-55.27929688,-67.48348999,-97.52287292
-26.22061157,-38.39901733,-97.4130249
-35.21684265,69.61660767,-96.54418945
-63.56771851,-70.23449707,-96.44950867
-61.47744751,-66.62689209,-97.53294373
-49.57452393,-65.74511719,-96.0987854
37.67425537,62.12658691,-95.82330322
41.64364624,-82.82774353,-95.67152405
-56.7210083,-76.47717285,-95.9178772
-51.95405579,-72.11529541,-94.06365967
-66.12690735,-74.39726257,-94.09140015
-64.08735657,-65.15975952,-96.22520447
3.076080322,-28.46600342,-96.22236633
-12.88134766,-19.57449341,-95.40766907
-11.33609009,-12.05300903,-95.42262268
46.87719727,67.31988525,-95.05863953
44.89224243,-85.40290833,-94.02033997
48.32791138,-83.13446045,-92.09004211
33.90600586,-75.14294434,-94.63925171
30.51321411,-69.31478882,-94.50320435
29.83459473,-63.83370972,-96.86494446
32.71813965,-66.85720825,-97.71821594
4.562133789,-36.88357544,-95.11499023
-12.64785767,-23.88674927,-94.52626038
38.54034424,65.64163208,-94.64289856
43.26287842,67.91812134,-94.8271637
-70.15460205,-73.102005,-90.87863159
-1.251556396,-11.98300171,-94.86003113
-20.6812439,48.82290649,-97.75065613
39.85919189,68.88739014,-93.70796204
48.01589966,73.00311279,-92.21336365
44.36993408,73.47311401,-93.2383728
-41.90975952,76.55471802,-92.63861084
-37.59390259,79.33273315,-92.54272461
34.78540039,66.19540405,-92.58232117
38.43145752,73.77615356,-90.19361877
-42.3457489,79.9493103,-92.5249176
-14.43969727,-31.37103271,-93.57328796
47.08633423,68.99926758,-90.22331238
45.74664307,77.41799927,-91.04202271
-41.15586853,83.28100586,-91.19618225
-70.39845276,-89.25579834,-89.89067078
-70.84321594,-84.82171631,-90.62265015
-18.82641602,-42.45376587,-90.65447998
-19.5730896,-46.19247437,-87.08978271
-23.58166504,-47.55517578,-90.63432312
-1.434783936,-31.79293823,-90.68687439
-12.24197388,58.07019043,-90.73478699
49.99703979,76.57067871,-87.4256134
50.43746948,83.0324707,-87.50553894
-42.9552002,83.09622192,-90.13839722
-42.21289063,86.20248413,-89.90727234
-36.17189026,85.17349243,-87.93412781
-63.20944214,-92.20697021,-88.13342285
-72.73078918,-79.77127075,-89.21916199
-22.85638428,-50.64901733,-86.55050659
-19.22473145,61.08172607,-92.27137756
-17.47384644,66.10653687,-89.15473938
46.89590454,82.49145508,-89.19587708
-42.06283569,89.28082275,-87.91242981
-67.542099,-92.98077393,-89.16719055
-58.18969727,-90.1103363,-85.55976868
-73.37150574,-76.33566284,-86.8868103
-2.060546875,-26.24365234,-88.5480957
42.4168396,82.26272583,-87.28865051
-44.09138489,87.51116943,-87.50010681
-71.39492798,-71.96099854,-87.29768372
47.92053223,85.96411133,-85.82278442
-45.04336548,91.66708374,-87.19789124
-42.82525635,92.92895508,-86.10183716
49.25634766,-92.46084595,-86.86354065
-67.41868591,-93.77964783,-85.05630493
-75.73480225,-83.75968933,-84.93179321
-72.95137024,-72.51495361,-83.99725342
-0.872650146,-4.385742188,-86.54568481
18.47210693,62.01702881,-87.00366211
20.52236938,68.17547607,-84.2063446
52.01837158,84.74688721,-81.94052124
-37.5234375,91.92782593,-83.65170288
-46.20681763,92.21759033,-84.00346375
-46.26416016,94.65625,-85.06361389
-42.92149353,96.54052734,-81.66737366
-63.03572083,-92.19337463,-82.69465637
-67.46949768,-94.56181335,-78.72080994
-30.63955688,-55.03820801,-89.1963501
48.62072754,78.96957397,-82.02864075
50.74441528,90.54345703,-80.16069031
-71.98103333,-95.84501648,-82.99699402
-74.86578369,-77.10891724,-83.17401123
-27.9359436,-60.04821777,-83.09754944
-25.22866821,-56.20620728,-84.16990662
51.04330444,84.98779297,-78.77201843
-13.29821777,74.61743164,-80.72453308
-11.34997559,67.86010742,-85.14950562
-20.31277466,74.8737793,-85.82699585
31.27597046,70.60809326,-87.80052185
37.22442627,84.02774048,-82.0824585
44.94671631,90.56072998,-81.09230042
39.95544434,-104.0956268,-83.99467468
-75.50386047,-96.56672668,-81.82147217
15.28399658,70.81332397,-79.8195343
-46.79240417,96.91195679,-79.53091431
-73.81295776,-73.97410583,-80.828125
9.023712158,-62.95025635,-80.07217407
-6.892181396,69.39102173,-80.87437439
-37.91127014,95.67352295,-78.95101929
-76.05897522,-78.99867249,-80.59663391
40.18325806,88.75653076,-79.81610107
35.77383423,87.40542603,-76.95031738
-33.7159729,92.53112793,-77.93948364
-42.14746094,99.60977173,-77.43861389
44.72445679,-115.3789215,-78.00984192
16.14868164,-73.25857544,-79.76846313
11.36276245,-68.27172852,-77.81027222
42.61575317,93.2197876,-76.820755
45.88442993,94.73327637,-77.7893219
-45.66978455,92.85604858,-79.69851685
40.46871948,-116.6820984,-76.08647156
36.18734741,-110.6771393,-76.79324341
-74.16578674,-97.40301514,-77.44683838
53.64575195,-98.12046814,-77.82263184
48.6496582,84.51193237,-74.86503601
-35.22537231,94.78372192,-75.97744751
49.28463745,-118.615036,-75.27990723
52.12252808,-105.4152374,-77.86280823
18.49029541,76.07827759,-73.82695007
48.33886719,96.13562012,-75.1504364
-45.56190491,101.2790222,-75.52436829
53.92852783,-100.8056488,-77.44490051
-77.61186218,-98.3888855,-73.9707489
25.32220459,79.85223389,-74.85354614
50.90942383,89.35296631,-75.05276489
-45.88555908,97.07946777,-72.91381836
-47.28860474,99.39614868,-74.72471619
38.48995972,91.44497681,-72.543396
-38.07719421,98.14761353,-74.93971252
-73.89337158,-98.81300354,-72.62469482
43.47335815,96.43862915,-70.68911743
-41.99215698,102.3044739,-72.94026184
52.81182861,-119.1023102,-71.94692993
12.54779053,-72.19036865,-74.66073608
14.54083252,-75.05345154,-77.18019104
15.95074463,-78.06089783,-73.42460632
51.43740845,95.24661255,-71.92193604
-46.30021667,101.8694763,-71.18191528
49.88751221,-121.2376251,-73.14888
48.06109619,88.72607422,-68.29138184
-32.40408325,93.06814575,-73.19744873
50.5362854,98.88729858,-69.57141113
-37.60920715,100.0319214,-68.66256714
-43.50778198,103.3408813,-69.14437866
53.58233643,-121.9915619,-69.70236206
40.86685181,-119.2771149,-71.28277588
-31.29498291,89.84591675,-72.02255249
47.95800781,99.7946167,-68.23867798
-5.796966553,12.44296265,-70.68511963
32.29089355,85.7946167,-70.69345093
30.10293579,83.60379028,-74.97676086
28.28457642,83.08197021,-70.89068604
49.91659546,92.8142395,-68.23556519
-72.37695313,-98.18081665,-69.25869751
-4.855895996,12.07843018,-69.46142578
49.72903442,97.15109253,-65.78884888
35.51138306,89.06478882,-70.22250366
39.61264038,93.59539795,-67.31890869
-41.69581604,96.11810303,-64.60235596
50.08898926,99.84277344,-66.93994141
19.8097229,-84.89910889,-72.48786926
47.2010498,92.40951538,-62.6244812
-44.90026855,101.6498108,-66.85177612
-5.560150146,14.41973877,-67.76477051
44.47244263,97.35153198,-64.75045776
-73.17236328,-97.93165588,-65.86904907
-5.871887207,15.07434082,-65.25094604
-39.75094604,103.3690186,-64.61230469
39.53359985,92.50228882,-60.93856812
-34.7830658,98.02893066,-61.47888184
48.48129272,99.65200806,-64.50567627
-42.57385254,104.0640259,-63.84402466
-6.656524658,16.97409058,-62.69772339
46.80947876,97.18994141,-62.4967041
-40.75410461,101.7228394,-61.14053345
35.7895813,88.98733521,-64.43075562
-43.32139587,101.8068237,-62.71832275
43.87936401,93.64447021,-60.21115112
-40.41401672,97.67672729,-59.69116211
33.50305176,-107.4203491,-61.90921021
27.36297607,-97.03155518,-60.29290771
24.12554932,-91.86048889,-62.1164856
-7.230041504,18.78717041,-58.68887329
37.78225708,89.4654541,-58.96124268
-39.12832642,99.8343811,-58.63156128
39.85684204,90.39685059,-58.40802002
-36.99133301,96.18743896,-57.29119873
-36.93264771,97.97406006,-57.45117188
-7.5987854,20.41876221,-55.53817749
29.09716797,-102.430954,-51.35842896
67.08990479,-100.6504517,-39.85662842
65.25900269,-95.06895447,-39.77267456
-91.41238403,-106.4559021,-38.74783325
-87.75695801,-82.14556885,-39.10571289
-92.06602478,-105.5311432,-38.27023315
-87.73052979,-76.4315033,-36.6439209
-88.95515442,-75.79295349,-33.57785034
-87.1506958,-67.80371094,-33.11141968
-90.26887512,-84.5460968,-33.85018921
-90.11283875,-77.4546051,-30.31658936
-90.25302124,-71.66882324,-29.30899048
-92.17971802,-92.29916382,-27.73828125
71.09460449,-117.5801849,-26.83651733
73.06903076,-111.9492798,-28.36767578
74.08374023,-107.5368195,-28.01397705
-91.50404358,-84.9733429,-25.69805908
-91.43843079,-78.24578857,-27.08630371
-91.34954834,-81.64761353,-26.90609741
63.96459961,-124.0038452,-27.70910645
67.93527222,-123.0233612,-27.26141357
58.1335144,-121.3565369,-27.79663086
59.86734009,-122.2262878,-27.19442749
55.89819336,-115.9101257,-27.0708313
51.45385742,-113.0633087,-27.60144043
49.58474731,-107.579895,-25.9833374
-90.97114563,-97.7449646,-25.24789429
-92.37934875,-71.09326172,-25.24243164
72.94104004,-87.90719604,-24.71118164
-94.84367371,-70.46920776,-19.85647583
-94.07002258,-64.33770752,-22.52114868
77.47369385,-83.35371399,-18.95761108
68.43045044,-69.89297485,-20.20733643
-95.04615784,-71.08349609,-16.78375244
-95.96937561,-51.13555908,-20.89834595
77.23095703,-89.88705444,-18.83312988
-97.76626587,-44.87042236,-19.21313477
80.36380005,-75.04464722,-17.01794434
70.10250854,-62.9052124,-17.07443237
72.69998169,-59.7677002,-16.26437378
-98.54524231,-49.4541626,-16.87994385
82.79751587,-77.05194092,-13.43814087
-100.3408203,-41.98800659,-15.18725586
-98.87768555,-34.03201294,-15.57501221
-78.8800354,-24.41134644,-15.15438843
85.6328125,-62.02423096,-12.16833496
84.7175293,-56.22625732,-12.0690918
65.30978394,-39.11410522,-11.44488525
65.47229004,-39.09475708,-11.48031616
-52.98428345,-19.87069702,-10.03457642
-50.90864563,-14.9317627,-10.15988159
85.18960571,-71.06005859,-8.671783447
-27.70941162,48.60116577,-101.9646149
-31.12716675,55.99798584,-101.1499329
-40.58073425,-49.29608154,-100.267334
-42.33769226,-54.83285522,-97.60734558
-22.16448975,52.80801392,-97.13150024
-30.28182983,61.10629272,-98.53591919
-33.52357483,-44.67858887,-98.06892395
-34.0957489,-48.24246216,-96.12263489
24.90344238,47.75561523,-96.29373169
-24.31240845,58.86557007,-95.99118042
-29.4758606,-43.24816895,-96.51109314
-23.17205811,-40.97711182,-94.40226746
-28.18191528,67.33123779,-94.22772217
-42.89674377,-61.00308228,-93.80599976
17.64263916,-51.71264648,-95.05558777
-36.60314941,-54.15963745,-93.69380188
8.78225708,-44.48974609,-94.1577301
-0.255340576,-29.91998291,-93.86198425
-32.99107361,74.12362671,-93.7066803
-29.83944702,-49.46209717,-93.05046082
-41.45956421,-69.47290039,-87.46237183
-28.71817017,76.00704956,-90.32748413
-46.00428772,-73.10366821,-89.57572937
-50.70304871,-85.31887817,-82.82949829
-46.44865417,-81.05319214,-83.54495239
-42.36264038,-75.40866089,-84.82739258
-35.72984314,-62.38275146,-87.50169373
-26.8855896,82.07696533,-83.93608093
-54.50627136,-87.43470764,-80.70703125
-33.01831055,-66.56524658,-82.36637878
-21.01742554,80.37509155,-80.40161133
-31.46746826,88.36187744,-80.47824097
30.57015991,-92.27502441,-82.07095337
33.58294678,-97.14942932,-82.25764465
-47.48207092,-82.6907959,-79.10627747
-39.77732849,-77.6572876,-79.26831055
-44.65524292,-80.91409302,-74.02940369
-36.86437988,-75.35935974,-80.2638092
-36.30558777,-72.21109009,-81.9118042
-26.47570801,84.94549561,-79.20574951
-62.72602844,-91.8274231,-75.41532898
27.14974976,-92.82862854,-78.84957886
-57.97402954,-89.09063721,-75.9034729
-29.62014771,-66.04003906,-79.03540039
-8.873809814,74.05700684,-77.25213623
32.49560547,-104.5963593,-78.38729858
22.80276489,-87.87245178,-76.57951355
17.79464722,-80.99972534,-76.28977966
-33.6091156,-73.30648804,-78.34944153
-32.0501709,-71.02410889,-76.66104126
-4.294464111,70.15328979,-76.44236755
29.33273315,-99.36985779,-77.63195801
26.50906372,-95.07292175,-77.13938904
-49.81187439,-84.0861969,-74.66429138
-34.3974762,-74.55187988,-74.99363708
-14.32931519,78.54724121,-75.8062439
31.23806763,-103.168457,-74.60275269
-55.1758728,-87.44590759,-72.75584412
-38.57731628,-77.26205444,-72.05133057
28.14395142,-98.28855896,-76.4039917
-67.33660889,-94.53227234,-68.74508667
37.4675293,-114.2623596,-71.4703064
34.58032227,-108.4484558,-71.99353027
27.43908691,-96.12521362,-73.54527283
11.42779541,71.95883179,-75.91659546
-70.60229492,-96.85035706,-73.01190186
24.22711182,-91.14611816,-72.42175293
-56.73710632,-88.20715332,-74.62088013
23.30282593,79.56387329,-70.28994751
32.83618164,-104.6829987,-67.85299683
30.70233154,-100.5560913,-69.60675049
-56.87934875,-88.38673401,-72.51904297
-57.72695923,-89.01916504,-75.06256104
-8.203582764,74.53759766,-72.54748535
-61.30435181,-90.88079834,-70.58563232
-57.18232727,-88.89910889,-68.34558105
11.34130859,72.29986572,-70.38742065
30.64086914,-101.3371277,-63.19592285
26.00280762,-94.26329041,-66.87710571
-46.14147949,-82.08499146,-66.8288269
-51.69419861,-86.06536865,-64.73074341
22.16989136,-88.5213623,-68.76025391
-41.86198425,-78.91290283,-68.052948
-33.10424805,94.41445923,-66.61361694
35.67318726,-109.8739929,-67.21359253
-60.78652954,-91.00035095,-63.05435181
22.13937378,-89.2388916,-65.16363525
12.15762329,70.41702271,-65.02056885
-55.87582397,-88.5652771,-59.80929565
-47.09300232,-82.80854797,-60.93087769
-50.47221375,-86.08909607,-58.14541626
